timestamp,symbol,quantity,close,position_value
2020-05-21T00:00:00Z,ADA/USDT,147989.35791614148,0.056863,8415.118859185553
2020-05-22T00:00:00Z,ADA/USDT,147989.35791614148,0.052114,7712.317398441797
2020-05-23T00:00:00Z,ADA/USDT,147989.35791614148,0.05575,8250.406703824889
2020-05-24T00:00:00Z,ADA/USDT,147989.35791614148,0.055115,8156.4334615481375
2020-05-25T00:00:00Z,ADA/USDT,147989.35791614148,0.05128,7588.894273939735
2020-05-26T00:00:00Z,ADA/USDT,147989.35791614148,0.053843,7968.190998278807
2020-05-27T00:00:00Z,ADA/USDT,147989.35791614148,0.053412,7904.407585016949
2020-05-28T00:00:00Z,ADA/USDT,147989.35791614148,0.054997,8138.970717314032
2020-05-29T00:00:00Z,ADA/USDT,147989.35791614148,0.064995,9618.568317759615
2020-05-30T00:00:00Z,ETH/USDT,46.61003920235286,220.6,10282.174648039041
2020-05-30T00:00:00Z,ADA/USDT,147989.35791614148,0.064712,9576.687329469349
2020-05-31T00:00:00Z,ETH/USDT,46.61003920235286,243.68,11357.934352829345
2020-05-31T00:00:00Z,ADA/USDT,147989.35791614148,0.076864,11375.0540068663
2020-06-01T00:00:00Z,ETH/USDT,46.61003920235286,231.62,10795.81728004897
2020-06-01T00:00:00Z,ADA/USDT,147989.35791614148,0.074031,10955.80015588987
2020-06-02T00:00:00Z,ETH/USDT,46.61003920235286,248.2,11568.611730023978
2020-06-02T00:00:00Z,ADA/USDT,147989.35791614148,0.080903,11972.783023489596
2020-06-03T00:00:00Z,ETH/USDT,46.61003920235286,237.91,11088.994426631769
2020-06-03T00:00:00Z,ADA/USDT,147989.35791614148,0.078755,11654.901882685723
2020-06-04T00:00:00Z,ETH/USDT,46.61003920235286,244.54,11398.018986543368
2020-06-04T00:00:00Z,ADA/USDT,147989.35791614148,0.085463,12647.614495587199
2020-06-05T00:00:00Z,ETH/USDT,46.61003920235286,243.27,11338.82423675638
2020-06-05T00:00:00Z,ADA/USDT,147989.35791614148,0.08877,13137.01530221588
2020-06-06T00:00:00Z,ETH/USDT,46.61003920235286,240.13,11192.468713660992
2020-06-06T00:00:00Z,ADA/USDT,147989.35791614148,0.085228,12612.836996476906
2020-06-07T00:00:00Z,ETH/USDT,46.61003920235286,241.98,11278.697286185345
2020-06-07T00:00:00Z,ADA/USDT,147989.35791614148,0.086174,12752.834929065577
2020-06-08T00:00:00Z,ETH/USDT,46.61003920235286,244.52,11397.086785759322
2020-06-08T00:00:00Z,ADA/USDT,147989.35791614148,0.086551,12808.626916999961
2020-06-09T00:00:00Z,ETH/USDT,46.61003920235286,246.36,11482.84925789165
2020-06-09T00:00:00Z,ADA/USDT,147989.35791614148,0.086499,12800.931470388323
2020-06-10T00:00:00Z,ETH/USDT,46.61003920235286,243.83,11364.925858709697
2020-06-10T00:00:00Z,ADA/USDT,147989.35791614148,0.082905,12269.057718037711
2020-06-11T00:00:00Z,ETH/USDT,46.61003920235286,247.71,11545.772810814828
2020-06-11T00:00:00Z,ADA/USDT,147989.35791614148,0.083574,12368.062598483608
2020-06-12T00:00:00Z,ETH/USDT,46.61003920235286,230.55,10745.944538102452
2020-06-12T00:00:00Z,ADA/USDT,147989.35791614148,0.075255,11136.939129979228
2020-06-13T00:00:00Z,ETH/USDT,46.61003920235286,237.6,11074.545314479039
2020-06-13T00:00:00Z,ADA/USDT,147989.35791614148,0.079465,11759.974326806181
2020-06-14T00:00:00Z,ETH/USDT,46.61003920235286,238.13,11099.248635256286
2020-06-14T00:00:00Z,ADA/USDT,147989.35791614148,0.079146,11712.765721630933
2020-06-15T00:00:00Z,ETH/USDT,46.61003920235286,231.78,10803.274886321346
2020-06-15T00:00:00Z,ADA/USDT,147989.35791614148,0.076474,11317.338157279004
2020-06-16T00:00:00Z,ETH/USDT,46.61003920235286,230.87,10760.859750647205
2020-06-16T00:00:00Z,ADA/USDT,147989.35791614148,0.078145,11564.628374356877
2020-06-17T00:00:00Z,ADA/USDT,147989.35791614148,0.079229,11725.048838337972
2020-06-18T00:00:00Z,ADA/USDT,147989.35791614148,0.083451,12349.859907459922
2020-06-19T00:00:00Z,ADA/USDT,147989.35791614148,0.081934,12125.360051501137
2020-07-03T00:00:00Z,ADA/USDT,102176.12850269467,0.092949,9497.168968196967
2020-07-04T00:00:00Z,ADA/USDT,102176.12850269467,0.096584,9868.579195304263
2020-07-05T00:00:00Z,ADA/USDT,102176.12850269467,0.1,10217.612850269468
2020-07-06T00:00:00Z,ADA/USDT,102176.12850269467,0.098158,10029.404421567504
2020-07-07T00:00:00Z,ADA/USDT,102176.12850269467,0.105285,10757.61368940621
2020-07-08T00:00:00Z,ADA/USDT,102176.12850269467,0.117717,12027.867318951709
2020-07-09T00:00:00Z,ADA/USDT,102176.12850269467,0.129973,13280.137949880735
2020-07-10T00:00:00Z,ADA/USDT,102176.12850269467,0.124006,12670.452991105156
2020-07-11T00:00:00Z,ADA/USDT,102176.12850269467,0.118401,12097.755790847552
2020-07-12T00:00:00Z,ADA/USDT,102176.12850269467,0.125175,12789.896885324806
2020-07-13T00:00:00Z,ADA/USDT,102176.12850269467,0.126764,12952.254753515586
2020-07-14T00:00:00Z,ADA/USDT,102176.12850269467,0.124308,12701.31018191297
2020-07-15T00:00:00Z,ADA/USDT,102176.12850269467,0.132538,13542.219719490146
2020-07-16T00:00:00Z,ADA/USDT,102176.12850269467,0.130577,13341.852331496362
2020-07-17T00:00:00Z,ADA/USDT,102176.12850269467,0.125966,12870.718202970436
2020-07-18T00:00:00Z,ADA/USDT,102176.12850269467,0.122247,12490.725181068916
2020-07-19T00:00:00Z,ADA/USDT,102176.12850269467,0.122701,12537.113143409139
2020-07-20T00:00:00Z,ADA/USDT,102176.12850269467,0.123924,12662.074548567934
2020-07-21T00:00:00Z,ADA/USDT,102176.12850269467,0.117778,12034.100062790372
2020-07-22T00:00:00Z,ADA/USDT,102176.12850269467,0.12325,12593.207837957118
2020-07-23T00:00:00Z,ADA/USDT,102176.12850269467,0.123839,12653.389577645206
2020-07-24T00:00:00Z,BTC/USDT,2.806432457632904,9603.0,26950.170890648777
2020-07-24T00:00:00Z,ETH/USDT,65.1890052145845,275.32,17947.836915679403
2020-07-25T00:00:00Z,BTC/USDT,2.806432457632904,9540.2,26773.926932309434
2020-07-25T00:00:00Z,ETH/USDT,65.1890052145845,279.25,18204.02970617272
2020-07-26T00:00:00Z,BTC/USDT,2.806432457632904,9699.6,27221.272266056116
2020-07-26T00:00:00Z,ETH/USDT,65.1890052145845,305.37,19906.766522377668
2020-07-27T00:00:00Z,BTC/USDT,2.806432457632904,9931.0,27870.68073675237
2020-07-27T00:00:00Z,ETH/USDT,65.1890052145845,311.0,20273.78062173578
2020-07-28T00:00:00Z,BTC/USDT,2.806432457632904,11026.5,30945.127494089218
2020-07-28T00:00:00Z,ETH/USDT,65.1890052145845,321.82,20979.125658157584
2020-07-29T00:00:00Z,BTC/USDT,2.806432457632904,10909.8,30617.616826283454
2020-07-29T00:00:00Z,ETH/USDT,65.1890052145845,316.81,20652.528742032515
2020-07-30T00:00:00Z,BTC/USDT,2.806432457632904,11101.0,31154.20671218287
2020-07-30T00:00:00Z,ETH/USDT,65.1890052145845,317.79,20716.41396714281
2020-07-31T00:00:00Z,BTC/USDT,2.806432457632904,11100.3,31152.24220946252
2020-07-31T00:00:00Z,ETH/USDT,65.1890052145845,335.11,21845.487537459412
2020-08-01T00:00:00Z,BTC/USDT,2.806432457632904,11336.4,31814.840912709653
2020-08-01T00:00:00Z,ETH/USDT,65.1890052145845,346.35,22578.211956071344
2020-08-02T00:00:00Z,BTC/USDT,2.806432457632904,11799.4,33114.21914059369
2020-08-02T00:00:00Z,ETH/USDT,65.1890052145845,387.0,25228.1450180442
2020-08-03T00:00:00Z,BTC/USDT,2.806432457632904,11070.6,31068.891165470828
2020-08-03T00:00:00Z,ETH/USDT,65.1890052145845,372.39,24275.733651859122
2020-08-04T00:00:00Z,BTC/USDT,2.806432457632904,11220.6,31489.856034115764
2020-08-04T00:00:00Z,ETH/USDT,65.1890052145845,385.8,25149.9182117867
2020-08-05T00:00:00Z,BTC/USDT,2.806432457632904,11188.7,31400.330838717276
2020-08-05T00:00:00Z,ETH/USDT,65.1890052145845,389.64,25400.2439918107
2020-08-06T00:00:00Z,BTC/USDT,2.806432457632904,11741.2,32950.88477155945
2020-08-06T00:00:00Z,ETH/USDT,65.1890052145845,400.76,26125.14572979688
2020-08-07T00:00:00Z,BTC/USDT,2.806432457632904,11764.2,33015.43271808501
2020-08-07T00:00:00Z,ETH/USDT,65.1890052145845,394.96,25747.049499552293
2020-08-08T00:00:00Z,BTC/USDT,2.806432457632904,11592.3,32533.006978617912
2020-08-08T00:00:00Z,ETH/USDT,65.1890052145845,379.36,24730.101018204776
2020-08-09T00:00:00Z,BTC/USDT,2.806432457632904,11765.7,33019.64236677146
2020-08-09T00:00:00Z,ETH/USDT,65.1890052145845,397.0,25880.035070190046
2020-08-10T00:00:00Z,BTC/USDT,2.806432457632904,11682.2,32785.30525655911
2020-08-10T00:00:00Z,ETH/USDT,65.1890052145845,390.03,25425.66770384439
2020-08-11T00:00:00Z,BTC/USDT,2.806432457632904,11890.1,33368.76256450099
2020-08-11T00:00:00Z,ETH/USDT,65.1890052145845,395.39,25775.080771794564
2020-08-12T00:00:00Z,BTC/USDT,2.806432457632904,11392.1,31971.159200599806
2020-08-12T00:00:00Z,ETH/USDT,65.1890052145845,379.02,24707.936756431816
2020-08-13T00:00:00Z,BTC/USDT,2.806432457632904,11564.7,32455.549442787247
2020-08-13T00:00:00Z,ETH/USDT,65.1890052145845,387.12,25235.967698669952
2020-08-14T00:00:00Z,BTC/USDT,2.806432457632904,11775.6,33047.426048102025
2020-08-14T00:00:00Z,ETH/USDT,65.1890052145845,424.43,27668.1694832261
2020-08-15T00:00:00Z,BTC/USDT,2.806432457632904,11759.7,33002.80377202566
2020-08-15T00:00:00Z,ETH/USDT,65.1890052145845,438.1,28559.30318450947
2020-08-16T00:00:00Z,BTC/USDT,2.806432457632904,11854.4,33268.572925763496
2020-08-16T00:00:00Z,ETH/USDT,65.1890052145845,432.12,28169.472933326255
2020-08-17T00:00:00Z,BTC/USDT,2.806432457632904,11910.1,33424.89121365365
2020-08-17T00:00:00Z,ETH/USDT,65.1890052145845,433.61,28266.604551095985
2020-08-18T00:00:00Z,BTC/USDT,2.806432457632904,12280.8,34465.23572569816
2020-08-18T00:00:00Z,ETH/USDT,65.1890052145845,430.88,28088.63856686017
2020-08-19T00:00:00Z,BTC/USDT,2.806432457632904,11945.4,33523.95827940809
2020-08-19T00:00:00Z,ETH/USDT,65.1890052145845,421.92,27504.545080137494
2020-08-20T00:00:00Z,BTC/USDT,2.806432457632904,11753.3,32984.842604296806
2020-08-20T00:00:00Z,ETH/USDT,65.1890052145845,407.39,26557.34883436958
2020-08-21T00:00:00Z,BTC/USDT,2.806432457632904,11858.0,33278.676082610975
2020-08-21T00:00:00Z,ETH/USDT,65.1890052145845,415.91,27112.75915879784
2020-08-22T00:00:00Z,BTC/USDT,2.806432457632904,11529.4,32356.482377032804
2020-08-22T00:00:00Z,ETH/USDT,65.1890052145845,387.96,25290.7264630502
2020-09-29T00:00:00Z,ADA/USDT,87013.23308674821,0.100355,8732.213006420616
2020-10-12T00:00:00Z,BTC/USDT,2.203572408738058,11371.0,25056.821859760457
2020-10-13T00:00:00Z,BTC/USDT,2.203572408738058,11530.7,25408.732373435927
2020-10-14T00:00:00Z,BTC/USDT,2.203572408738058,11419.4,25163.474764343377
2020-10-14T00:00:00Z,ETH/USDT,38.75343844848741,381.09,14768.547858334065
2020-10-15T00:00:00Z,BTC/USDT,2.203572408738058,11416.4,25156.864047117164
2020-10-15T00:00:00Z,ETH/USDT,38.75343844848741,378.63,14673.214399750786
2020-10-16T00:00:00Z,BTC/USDT,2.203572408738058,11503.9,25349.676632881743
2020-10-16T00:00:00Z,ETH/USDT,38.75343844848741,377.68,14636.398633224724
2020-10-17T00:00:00Z,BTC/USDT,2.203572408738058,11317.9,24939.812164856467
2020-10-17T00:00:00Z,ETH/USDT,38.75343844848741,365.48,14163.60668415318
2020-10-18T00:00:00Z,BTC/USDT,2.203572408738058,11361.3,25035.447207395697
2020-10-18T00:00:00Z,ETH/USDT,38.75343844848741,368.33,14274.053983731366
2020-10-19T00:00:00Z,BTC/USDT,2.203572408738058,11502.3,25346.15091702776
2020-10-19T00:00:00Z,ETH/USDT,38.75343844848741,378.2,14656.550421217937
2020-10-20T00:00:00Z,BTC/USDT,2.203572408738058,11750.0,25891.97580267218
2020-10-20T00:00:00Z,ETH/USDT,38.75343844848741,379.24,14696.853997204365
2020-10-21T00:00:00Z,BTC/USDT,2.203572408738058,11909.6,26243.665959106776
2020-10-21T00:00:00Z,ETH/USDT,38.75343844848741,368.53,14281.804671421063
2020-10-22T00:00:00Z,BTC/USDT,2.203572408738058,12785.1,28172.893602956945
2020-10-22T00:00:00Z,ETH/USDT,38.75343844848741,390.49,15132.830179749848
2020-10-23T00:00:00Z,BTC/USDT,2.203572408738058,12967.7,28575.265924792515
2020-10-23T00:00:00Z,ETH/USDT,38.75343844848741,414.08,16047.023792749666
2020-10-24T00:00:00Z,BTC/USDT,2.203572408738058,12924.6,28480.291953975906
2020-10-24T00:00:00Z,ETH/USDT,38.75343844848741,409.33,15862.94496011935
2020-10-25T00:00:00Z,BTC/USDT,2.203572408738058,13110.6,28890.156422001182
2020-10-25T00:00:00Z,ETH/USDT,38.75343844848741,412.11,15970.679519006146
2020-10-26T00:00:00Z,BTC/USDT,2.203572408738058,13031.3,28715.413129988254
2020-10-26T00:00:00Z,ETH/USDT,38.75343844848741,406.02,15734.671078854857
2020-10-27T00:00:00Z,BTC/USDT,2.203572408738058,13055.3,28768.298867797967
2020-10-27T00:00:00Z,ETH/USDT,38.75343844848741,392.7,15218.475278721005
2020-10-28T00:00:00Z,BTC/USDT,2.203572408738058,13636.9,30049.896580720022
2020-10-28T00:00:00Z,ETH/USDT,38.75343844848741,403.44,15634.68720765776
2020-10-29T00:00:00Z,BTC/USDT,2.203572408738058,13270.8,29243.16872188102
2020-10-29T00:00:00Z,ETH/USDT,38.75343844848741,388.35,15049.897821470086
2020-10-30T00:00:00Z,BTC/USDT,2.203572408738058,13455.0,29649.06675957057
2020-10-30T00:00:00Z,ETH/USDT,38.75343844848741,387.16,15003.781229716385
2020-10-31T00:00:00Z,BTC/USDT,2.203572408738058,13556.7,29873.170073539233
2020-10-31T00:00:00Z,ETH/USDT,38.75343844848741,382.58,14826.290481622313
2020-11-01T00:00:00Z,BTC/USDT,2.203572408738058,13792.1,30391.89101855617
2020-11-01T00:00:00Z,ETH/USDT,38.75343844848741,386.53,14979.366563493837
2020-11-02T00:00:00Z,BTC/USDT,2.203572408738058,13758.7,30318.29170010432
2020-11-02T00:00:00Z,ETH/USDT,38.75343844848741,396.43,15363.025604133863
2020-11-03T00:00:00Z,BTC/USDT,2.203572408738058,13550.9,29860.38935356855
2020-11-03T00:00:00Z,ETH/USDT,38.75343844848741,382.99,14842.179391386193
2020-11-04T00:00:00Z,BTC/USDT,2.203572408738058,14019.8,30893.644456025824
2020-11-04T00:00:00Z,ETH/USDT,38.75343844848741,387.94,15034.008911706205
2020-11-05T00:00:00Z,BTC/USDT,2.203572408738058,14141.3,31161.378503687498
2020-11-05T00:00:00Z,ETH/USDT,38.75343844848741,402.43,15595.546234824787
2020-11-06T00:00:00Z,BTC/USDT,2.203572408738058,15589.8,34353.25313774458
2020-11-06T00:00:00Z,ETH/USDT,38.75343844848741,416.71,16148.945335869186
2020-11-07T00:00:00Z,BTC/USDT,2.203572408738058,15578.3,34327.912055044086
2020-11-07T00:00:00Z,ETH/USDT,38.75343844848741,455.8,17663.817244820562
2020-11-08T00:00:00Z,BTC/USDT,2.203572408738058,14814.6,32645.043806490834
2020-11-08T00:00:00Z,ETH/USDT,38.75343844848741,435.13,16862.783672090325
2020-11-09T00:00:00Z,BTC/USDT,2.203572408738058,15478.3,34107.55481417028
2020-11-09T00:00:00Z,ETH/USDT,38.75343844848741,454.4,17609.56243099268
2020-11-10T00:00:00Z,BTC/USDT,2.203572408738058,15326.8,33773.71359424647
2020-11-10T00:00:00Z,ETH/USDT,38.75343844848741,444.34,17219.702840200895
2020-11-11T00:00:00Z,ETH/USDT,38.75343844848741,450.31,17451.060867738364
2020-11-12T00:00:00Z,ETH/USDT,38.75343844848741,463.15,17948.655017416942
2020-11-19T00:00:00Z,ETH/USDT,24.496979919901104,478.39,11719.11022388149
2020-11-20T00:00:00Z,ETH/USDT,24.496979919901104,471.19,11542.731968458202
2020-11-21T00:00:00Z,ETH/USDT,24.496979919901104,510.08,12495.419517543154
2020-11-22T00:00:00Z,ETH/USDT,24.496979919901104,552.36,13531.151828556574
2020-11-22T00:00:00Z,ADA/USDT,88457.32991902906,0.133425,11802.419244446452
2020-11-23T00:00:00Z,ETH/USDT,24.496979919901104,560.05,13719.533604140612
2020-11-23T00:00:00Z,ADA/USDT,88457.32991902906,0.145845,12901.059282040793
2020-11-24T00:00:00Z,ETH/USDT,24.496979919901104,608.9,14916.211073227782
2020-11-24T00:00:00Z,ADA/USDT,88457.32991902906,0.154468,13663.82683793258
2020-11-25T00:00:00Z,ETH/USDT,24.496979919901104,605.16,14824.592368327352
2020-11-25T00:00:00Z,ADA/USDT,88457.32991902906,0.167037,14775.647017684856
2020-11-26T00:00:00Z,ETH/USDT,24.496979919901104,569.45,13949.805215387685
2020-11-26T00:00:00Z,ADA/USDT,88457.32991902906,0.15582,13783.421147983106
2020-11-27T00:00:00Z,ETH/USDT,24.496979919901104,519.8,12733.530162364594
2020-11-27T00:00:00Z,ADA/USDT,88457.32991902906,0.138839,12281.327228628073
2020-11-28T00:00:00Z,ETH/USDT,24.496979919901104,518.62,12704.623726059112
2020-11-28T00:00:00Z,ADA/USDT,88457.32991902906,0.141666,12531.39610030917
2020-11-29T00:00:00Z,ETH/USDT,24.496979919901104,537.6,13169.576404938834
2020-11-29T00:00:00Z,ADA/USDT,88457.32991902906,0.164871,14584.048441080238
2020-11-30T00:00:00Z,ETH/USDT,24.496979919901104,576.11,14112.955101654226
2020-11-30T00:00:00Z,ADA/USDT,88457.32991902906,0.166605,14737.433451159835
2020-12-01T00:00:00Z,ETH/USDT,24.496979919901104,616.46,15101.408241422236
2020-12-01T00:00:00Z,ADA/USDT,88457.32991902906,0.17221,15233.236785355994
2020-12-02T00:00:00Z,ETH/USDT,24.496979919901104,585.64,14346.411320290883
2020-12-02T00:00:00Z,ADA/USDT,88457.32991902906,0.155589,13762.987504771812
2020-12-03T00:00:00Z,ETH/USDT,24.496979919901104,597.0,14624.697012180959
2020-12-03T00:00:00Z,ADA/USDT,88457.32991902906,0.158634,14032.340074375255
2020-12-04T00:00:00Z,ETH/USDT,24.496979919901104,616.0,15090.13963065908
2020-12-04T00:00:00Z,ADA/USDT,88457.32991902906,0.164097,14515.58246772291
2020-12-05T00:00:00Z,ETH/USDT,24.496979919901104,567.3,13897.136708559896
2020-12-05T00:00:00Z,ADA/USDT,88457.32991902906,0.147862,13079.477716487474
2020-12-06T00:00:00Z,ETH/USDT,24.496979919901104,596.78,14619.30767659858
2020-12-06T00:00:00Z,ADA/USDT,88457.32991902906,0.160136,14165.202983913638
2020-12-07T00:00:00Z,ETH/USDT,24.496979919901104,601.63,14738.118029210102
2020-12-07T00:00:00Z,ADA/USDT,88457.32991902906,0.158705,14038.620544799507
2020-12-08T00:00:00Z,ETH/USDT,24.496979919901104,591.36,14486.534045432718
2020-12-08T00:00:00Z,ADA/USDT,88457.32991902906,0.15391,13614.46764783776
2020-12-09T00:00:00Z,ETH/USDT,24.496979919901104,555.04,13596.803734741909
2020-12-09T00:00:00Z,ADA/USDT,88457.32991902906,0.141197,12489.909612577145
2020-12-18T00:00:00Z,BTC/USDT,0.8030379690375977,22805.7,18313.84301048074
2020-12-18T00:00:00Z,ETH/USDT,19.703975976419258,643.0,12669.656552837583
2020-12-19T00:00:00Z,BTC/USDT,0.8030379690375977,23110.8,18558.84989483411
2020-12-19T00:00:00Z,ETH/USDT,19.703975976419258,653.79,12882.262453623147
2020-12-20T00:00:00Z,BTC/USDT,0.8030379690375977,23828.0,19134.78872622788
2020-12-20T00:00:00Z,ETH/USDT,19.703975976419258,658.1,12967.186590081514
2020-12-21T00:00:00Z,BTC/USDT,0.8030379690375977,23469.5,18846.8996143279
2020-12-21T00:00:00Z,ETH/USDT,19.703975976419258,638.39,12578.82122358629
2020-12-22T00:00:00Z,BTC/USDT,0.8030379690375977,22717.5,18243.015061611626
2020-12-23T00:00:00Z,BTC/USDT,0.8030379690375977,23813.1,19122.823460489217
2020-12-24T00:00:00Z,BTC/USDT,0.8030379690375977,23230.7,18655.13414732172
2020-12-25T00:00:00Z,BTC/USDT,0.8030379690375977,23729.6,19055.769790074577
2020-12-26T00:00:00Z,BTC/USDT,0.8030379690375977,24706.7,19840.418189621218
2020-12-27T00:00:00Z,BTC/USDT,0.8030379690375977,26486.9,21269.98638210195
2020-12-28T00:00:00Z,BTC/USDT,0.8030379690375977,26282.5,21105.84542123066
2020-12-29T00:00:00Z,BTC/USDT,0.8030379690375977,27075.6,21742.73483447438
2020-12-29T00:00:00Z,ETH/USDT,13.696692080158476,730.42,10004.337829189353
2020-12-30T00:00:00Z,BTC/USDT,0.8030379690375977,27383.3,21989.82961754725
2020-12-30T00:00:00Z,ETH/USDT,13.696692080158476,731.85,10023.924098863981
2020-12-31T00:00:00Z,BTC/USDT,0.8030379690375977,28868.1,23182.180393974275
2020-12-31T00:00:00Z,ETH/USDT,13.696692080158476,752.03,10300.32334504158
2021-01-01T00:00:00Z,BTC/USDT,0.8030379690375977,28920.5,23224.259583551844
2021-01-01T00:00:00Z,ETH/USDT,13.696692080158476,736.2,10083.504709412671
2021-01-02T00:00:00Z,BTC/USDT,0.8030379690375977,29333.2,23555.673353373662
2021-01-02T00:00:00Z,ETH/USDT,13.696692080158476,729.02,9985.162460277132
2021-01-03T00:00:00Z,BTC/USDT,0.8030379690375977,32185.4,25846.0982486627
2021-01-03T00:00:00Z,ETH/USDT,13.696692080158476,774.64,10610.005552973962
2021-01-04T00:00:00Z,BTC/USDT,0.8030379690375977,33000.4,26500.57419342834
2021-01-04T00:00:00Z,ETH/USDT,13.696692080158476,978.2,13398.104192811023
2021-01-05T00:00:00Z,BTC/USDT,0.8030379690375977,31993.0,25691.593743419864
2021-01-05T00:00:00Z,ETH/USDT,13.696692080158476,1041.9,14270.583478317118
2021-01-06T00:00:00Z,BTC/USDT,0.8030379690375977,33938.6,27253.984415979412
2021-01-06T00:00:00Z,ETH/USDT,13.696692080158476,1099.92,15065.265552807912
2021-01-07T00:00:00Z,BTC/USDT,0.8030379690375977,36750.6,29512.127184913137
2021-01-07T00:00:00Z,ETH/USDT,13.696692080158476,1208.65,16554.506882683545
2021-01-08T00:00:00Z,BTC/USDT,0.8030379690375977,39439.5,31671.415979858335
2021-01-08T00:00:00Z,ETH/USDT,13.696692080158476,1224.42,16770.503716787643
2021-01-09T00:00:00Z,BTC/USDT,0.8030379690375977,40574.7,32583.024682309813
2021-01-09T00:00:00Z,ETH/USDT,13.696692080158476,1216.29,16659.14961017595
2021-01-10T00:00:00Z,BTC/USDT,0.8030379690375977,40096.6,32199.09222931294
2021-01-10T00:00:00Z,ETH/USDT,13.696692080158476,1276.53,17484.2383410847
2021-01-11T00:00:00Z,BTC/USDT,0.8030379690375977,38160.7,30644.491025053052
2021-01-11T00:00:00Z,ETH/USDT,13.696692080158476,1254.76,17186.06135449965
2021-01-12T00:00:00Z,BTC/USDT,0.8030379690375977,35392.3,28421.360711569374
2021-01-12T00:00:00Z,ETH/USDT,13.696692080158476,1087.17,14890.632728785891
2021-01-13T00:00:00Z,BTC/USDT,0.8030379690375977,34063.5,27354.28385831221
2021-01-13T00:00:00Z,ETH/USDT,13.696692080158476,1049.86,14379.609147275176
2021-01-14T00:00:00Z,BTC/USDT,0.8030379690375977,37388.3,30024.224497768417
2021-01-14T00:00:00Z,ETH/USDT,13.696692080158476,1129.75,15473.837877559039
2021-01-15T00:00:00Z,BTC/USDT,0.8030379690375977,39150.6,31439.41831060337
2021-01-15T00:00:00Z,ETH/USDT,13.696692080158476,1232.03,16874.735543517647
2021-01-16T00:00:00Z,BTC/USDT,0.8030379690375977,36748.2,29510.199893787445
2021-01-16T00:00:00Z,ETH/USDT,13.696692080158476,1168.54,16005.132563348385
2021-01-17T00:00:00Z,ETH/USDT,13.696692080158476,1227.68,16815.15493296896
2021-01-18T00:00:00Z,ETH/USDT,13.696692080158476,1232.34,16878.981518062494
2021-01-19T00:00:00Z,ETH/USDT,13.696692080158476,1258.34,17235.095512146614
2021-01-20T00:00:00Z,ETH/USDT,13.696692080158476,1366.0,18709.681381496477
2021-01-21T00:00:00Z,ETH/USDT,13.696692080158476,1377.29,18864.317035081465
2021-01-22T00:00:00Z,ETH/USDT,13.696692080158476,1111.89,15229.214957007409
2021-02-08T00:00:00Z,BTC/USDT,0.2652821493580414,38807.6,10294.963539427126
2021-02-09T00:00:00Z,BTC/USDT,0.2652821493580414,46373.5,12302.061753255133
2021-02-10T00:00:00Z,BTC/USDT,0.2652821493580414,46434.8,12318.323549010782
2021-02-11T00:00:00Z,BTC/USDT,0.2652821493580414,44812.2,11887.876733462423
2021-02-12T00:00:00Z,BTC/USDT,0.2652821493580414,47941.5,12718.024163448541
2021-02-13T00:00:00Z,BTC/USDT,0.2652821493580414,47310.7,12550.684183633488
2021-02-14T00:00:00Z,BTC/USDT,0.2652821493580414,47152.6,12508.743075819983
2021-02-14T00:00:00Z,ETH/USDT,5.407765173928445,1815.35,9816.986508491003
2021-02-15T00:00:00Z,BTC/USDT,0.2652821493580414,48591.9,12890.563673391012
2021-02-15T00:00:00Z,ETH/USDT,5.407765173928445,1801.04,9739.601388852087
2021-02-16T00:00:00Z,BTC/USDT,0.2652821493580414,47904.4,12708.182195707359
2021-02-16T00:00:00Z,ETH/USDT,5.407765173928445,1778.71,9618.845992518265
2021-02-17T00:00:00Z,BTC/USDT,0.2652821493580414,49147.7,13038.00749200421
2021-02-17T00:00:00Z,ETH/USDT,5.407765173928445,1781.67,9634.852977433093
2021-02-18T00:00:00Z,BTC/USDT,0.2652821493580414,52118.1,13826.001588457337
2021-02-18T00:00:00Z,ETH/USDT,5.407765173928445,1849.61,10002.256543349791
2021-02-19T00:00:00Z,BTC/USDT,0.2652821493580414,51568.9,13680.3086320299
2021-02-19T00:00:00Z,ETH/USDT,5.407765173928445,1939.06,10485.981138157691
2021-02-20T00:00:00Z,BTC/USDT,0.2652821493580414,55890.5,14826.751968695613
2021-02-20T00:00:00Z,ETH/USDT,5.407765173928445,1955.12,10572.829846850982
2021-02-21T00:00:00Z,BTC/USDT,0.2652821493580414,55851.5,14816.40596487065
2021-02-21T00:00:00Z,ETH/USDT,5.407765173928445,1913.51,10347.812737963819
2021-02-22T00:00:00Z,BTC/USDT,0.2652821493580414,57423.0,15233.29686258681
2021-02-22T00:00:00Z,ETH/USDT,5.407765173928445,1933.38,10455.265031969779
2021-02-23T00:00:00Z,BTC/USDT,0.2652821493580414,54096.6,14350.862320962222
2021-02-24T00:00:00Z,BTC/USDT,0.2652821493580414,48908.3,12974.498945447896
2021-02-25T00:00:00Z,BTC/USDT,0.2652821493580414,49685.2,13180.596647284157
2021-02-26T00:00:00Z,BTC/USDT,0.2652821493580414,47082.7,12490.199853579856
2021-02-27T00:00:00Z,BTC/USDT,0.2652821493580414,46289.6,12279.804580923992
2021-02-28T00:00:00Z,BTC/USDT,0.2652821493580414,46114.4,12233.327148356464
2021-03-01T00:00:00Z,BTC/USDT,0.2652821493580414,45141.6,11975.260673460962
2021-04-03T00:00:00Z,ETH/USDT,7.043794114553497,2134.13,15032.372333692054
2021-04-04T00:00:00Z,ETH/USDT,7.043794114553497,2008.84,14149.855369079645
2021-04-05T00:00:00Z,ETH/USDT,7.043794114553497,2075.89,14622.141764460457
2021-04-06T00:00:00Z,ETH/USDT,7.043794114553497,2106.84,14840.147192305889
2021-04-07T00:00:00Z,ETH/USDT,7.043794114553497,2111.03,14869.660689645869
2021-04-08T00:00:00Z,ETH/USDT,7.043794114553497,1963.07,13827.460912456532
2021-04-09T00:00:00Z,ETH/USDT,7.043794114553497,2079.96,14650.81000650669
2021-04-10T00:00:00Z,ETH/USDT,7.043794114553497,2066.67,14557.197982724276
2021-04-11T00:00:00Z,ETH/USDT,7.043794114553497,2133.73,15029.554816046233
2021-04-12T00:00:00Z,ETH/USDT,7.043794114553497,2151.04,15151.482892169153
2021-04-13T00:00:00Z,ETH/USDT,7.043794114553497,2137.61,15056.884737210701
2021-04-14T00:00:00Z,ETH/USDT,7.043794114553497,2299.04,16193.96442112307
2021-04-15T00:00:00Z,ETH/USDT,7.043794114553497,2431.83,17129.30984159463
2021-04-15T00:00:00Z,ADA/USDT,8695.847208531008,1.451044,12618.056916855667
2021-04-16T00:00:00Z,ETH/USDT,7.043794114553497,2514.38,17710.775045751023
2021-04-16T00:00:00Z,ADA/USDT,8695.847208531008,1.47838,12855.76659614807
2021-04-17T00:00:00Z,ETH/USDT,7.043794114553497,2422.41,17062.957301035534
2021-04-17T00:00:00Z,ADA/USDT,8695.847208531008,1.410182,12262.727208220675
2021-04-18T00:00:00Z,ETH/USDT,7.043794114553497,2317.42,16323.429356948565
2021-04-18T00:00:00Z,ADA/USDT,8695.847208531008,1.36907,11905.223537783546
2021-04-19T00:00:00Z,ETH/USDT,7.043794114553497,2235.73,15748.02181573069
2021-04-20T00:00:00Z,ETH/USDT,7.043794114553497,2160.94,15221.216453903233
2021-04-21T00:00:00Z,ETH/USDT,7.043794114553497,2330.76,16417.39357043671
2021-04-22T00:00:00Z,ETH/USDT,7.043794114553497,2355.98,16595.038058005746
2021-04-23T00:00:00Z,ETH/USDT,7.043794114553497,2398.18,16892.286169639905
2021-04-24T00:00:00Z,ETH/USDT,7.043794114553497,2367.2,16674.069427971037
2021-04-25T00:00:00Z,ETH/USDT,7.043794114553497,2213.11,15588.69119285949
2021-04-26T00:00:00Z,ETH/USDT,7.043794114553497,2320.0,16341.602345764111
2021-04-27T00:00:00Z,ETH/USDT,7.043794114553497,2532.41,17837.774653636417
2021-04-28T00:00:00Z,ETH/USDT,7.043794114553497,2665.94,18778.33248175275
2021-04-29T00:00:00Z,ETH/USDT,7.043794114553497,2748.66,19360.995130908614
2021-04-30T00:00:00Z,ETH/USDT,7.043794114553497,2758.01,19426.85460587969
2021-05-01T00:00:00Z,ETH/USDT,7.043794114553497,2772.16,19526.52429260062
2021-05-02T00:00:00Z,ETH/USDT,7.043794114553497,2945.35,20746.43899530014
2021-08-22T00:00:00Z,BTC/USDT,0.3150917254475163,48821.3,15383.187655590827
2021-08-23T00:00:00Z,BTC/USDT,0.3150917254475163,49237.4,15514.297322549539
2021-08-24T00:00:00Z,BTC/USDT,0.3150917254475163,49478.2,15590.1714100373
2021-08-25T00:00:00Z,BTC/USDT,0.3150917254475163,47662.5,15018.059364142246
2021-08-26T00:00:00Z,BTC/USDT,0.3150917254475163,48983.2,15434.201005940778
2021-08-27T00:00:00Z,BTC/USDT,0.3150917254475163,46829.5,14755.587956844463
2021-08-28T00:00:00Z,BTC/USDT,0.3150917254475163,49054.1,15456.541009275008
2021-08-29T00:00:00Z,BTC/USDT,0.3150917254475163,48890.0,15404.83445712907
2021-08-30T00:00:00Z,BTC/USDT,0.3150917254475163,48763.2,15364.880826342325
2021-08-31T00:00:00Z,BTC/USDT,0.3150917254475163,46981.0,14803.324353249764
2021-09-01T00:00:00Z,BTC/USDT,0.3150917254475163,47095.5,14839.402355813503
2021-09-02T00:00:00Z,BTC/USDT,0.3150917254475163,48815.3,15381.297105238144
2021-09-02T00:00:00Z,ETH/USDT,4.387213714583959,3828.02,16794.341843701688
2021-09-03T00:00:00Z,BTC/USDT,0.3150917254475163,49248.9,15517.920877392186
2021-09-03T00:00:00Z,ETH/USDT,4.387213714583959,3785.73,16608.806575711933
2021-09-04T00:00:00Z,BTC/USDT,0.3150917254475163,50011.0,15758.052281355736
2021-09-04T00:00:00Z,ETH/USDT,4.387213714583959,3940.1,17286.060756832256
2021-09-05T00:00:00Z,BTC/USDT,0.3150917254475163,49902.6,15723.896338317227
2021-09-05T00:00:00Z,ETH/USDT,4.387213714583959,3886.9,17052.66098721639
2021-09-06T00:00:00Z,BTC/USDT,0.3150917254475163,51768.0,16311.668442967024
2021-09-06T00:00:00Z,ETH/USDT,4.387213714583959,3949.88,17328.967706960888
2021-09-07T00:00:00Z,BTC/USDT,0.3150917254475163,52667.2,16594.99892248943
2021-09-07T00:00:00Z,ETH/USDT,4.387213714583959,3926.36,17225.780440393875
2021-10-06T00:00:00Z,BTC/USDT,0.28210615840418174,51462.3,14517.831755643523
2021-10-07T00:00:00Z,BTC/USDT,0.28210615840418174,55314.7,15604.617520279791
2021-10-08T00:00:00Z,BTC/USDT,0.28210615840418174,53778.6,15171.274250355127
2021-10-09T00:00:00Z,BTC/USDT,0.28210615840418174,53949.7,15219.542614058082
2021-10-10T00:00:00Z,BTC/USDT,0.28210615840418174,54947.7,15501.084560145457
2021-10-11T00:00:00Z,BTC/USDT,0.28210615840418174,54663.6,15420.938200542829
2021-10-12T00:00:00Z,BTC/USDT,0.28210615840418174,57471.9,16213.176925189293
2021-10-13T00:00:00Z,BTC/USDT,0.28210615840418174,56004.5,15799.214348346995
2021-10-14T00:00:00Z,BTC/USDT,0.28210615840418174,57367.2,16183.640410404374
2021-10-15T00:00:00Z,BTC/USDT,0.28210615840418174,57344.9,16177.349443071962
2021-10-16T00:00:00Z,BTC/USDT,0.28210615840418174,61673.9,17398.587002803666
2021-10-17T00:00:00Z,BTC/USDT,0.28210615840418174,60878.4,17174.171553793138
2021-10-18T00:00:00Z,BTC/USDT,0.28210615840418174,61526.2,17356.919923207366
2021-10-19T00:00:00Z,BTC/USDT,0.28210615840418174,62027.8,17498.424372262903
2021-10-20T00:00:00Z,BTC/USDT,0.28210615840418174,64285.4,18135.307235476186
2021-10-21T00:00:00Z,BTC/USDT,0.28210615840418174,66007.2,18621.037619016504
2021-10-22T00:00:00Z,BTC/USDT,0.28210615840418174,62210.1,17549.852324939988
2021-10-22T00:00:00Z,ETH/USDT,3.912962433473848,4054.13,15863.658390419332
2021-10-23T00:00:00Z,BTC/USDT,0.28210615840418174,60699.0,17123.561708975427
2021-10-23T00:00:00Z,ETH/USDT,3.912962433473848,3972.43,15543.969359604518
2021-10-24T00:00:00Z,BTC/USDT,0.28210615840418174,61296.2,17292.035506774402
2021-10-24T00:00:00Z,ETH/USDT,3.912962433473848,4167.49,16307.231811877928
2021-10-25T00:00:00Z,BTC/USDT,0.28210615840418174,60854.0,17167.288163528076
2021-10-25T00:00:00Z,ETH/USDT,3.912962433473848,4081.56,15970.99094996952
2021-10-26T00:00:00Z,BTC/USDT,0.28210615840418174,63082.8,17796.046369379317
2021-10-26T00:00:00Z,ETH/USDT,3.912962433473848,4220.71,16515.479672587408
2021-10-27T00:00:00Z,BTC/USDT,0.28210615840418174,60329.6,17019.351694060922
2021-10-27T00:00:00Z,ETH/USDT,3.912962433473848,4130.34,16161.865257474376
2021-10-28T00:00:00Z,BTC/USDT,0.28210615840418174,58408.2,16477.312921303128
2021-10-28T00:00:00Z,ETH/USDT,3.912962433473848,3921.55,15344.87783098937
2021-10-29T00:00:00Z,BTC/USDT,0.28210615840418174,60590.7,17093.009612020254
2021-10-29T00:00:00Z,ETH/USDT,3.912962433473848,4285.78,16770.096138133547
2021-10-30T00:00:00Z,BTC/USDT,0.28210615840418174,62253.3,17562.039310983047
2021-10-30T00:00:00Z,ETH/USDT,3.912962433473848,4419.83,17294.62875234072
2021-10-31T00:00:00Z,BTC/USDT,0.28210615840418174,61855.9,17449.930323633227
2021-10-31T00:00:00Z,ETH/USDT,3.912962433473848,4322.69,16914.52358155307
2021-11-01T00:00:00Z,BTC/USDT,0.28210615840418174,61293.6,17291.302030762552
2021-11-01T00:00:00Z,ETH/USDT,3.912962433473848,4286.91,16774.517785683372
2021-11-02T00:00:00Z,BTC/USDT,0.28210615840418174,60897.5,17179.55978141866
2021-11-02T00:00:00Z,ETH/USDT,3.912962433473848,4319.75,16903.019471998658
2021-11-03T00:00:00Z,BTC/USDT,0.28210615840418174,63221.9,17835.287336013338
2021-11-03T00:00:00Z,ETH/USDT,3.912962433473848,4588.99,17956.545477587155
2021-11-04T00:00:00Z,BTC/USDT,0.28210615840418174,62894.0,17742.784726672606
2021-11-04T00:00:00Z,ETH/USDT,3.912962433473848,4602.48,18009.331340814715
2021-11-05T00:00:00Z,ETH/USDT,3.912962433473848,4533.03,17737.576099809958
2021-11-06T00:00:00Z,ETH/USDT,3.912962433473848,4474.76,17509.567778811437
2021-11-07T00:00:00Z,ETH/USDT,3.912962433473848,4517.38,17676.338237726093
2021-11-08T00:00:00Z,ETH/USDT,3.912962433473848,4613.4,18052.06089058825
2021-11-09T00:00:00Z,ETH/USDT,3.912962433473848,4807.57,18811.840806295866
2021-11-10T00:00:00Z,BTC/USDT,0.27344382437376646,66941.7,18304.79445808136
2021-11-10T00:00:00Z,ETH/USDT,3.912962433473848,4732.74,18519.03382739902
2021-11-11T00:00:00Z,BTC/USDT,0.27344382437376646,64892.2,17744.371340027326
2021-11-11T00:00:00Z,ETH/USDT,3.912962433473848,4630.67,18119.637751814345
2021-11-12T00:00:00Z,BTC/USDT,0.27344382437376646,64769.2,17710.737749629356
2021-11-12T00:00:00Z,ETH/USDT,3.912962433473848,4719.98,18469.104426747894
2021-11-13T00:00:00Z,BTC/USDT,0.27344382437376646,64134.1,17537.073576769577
2021-11-13T00:00:00Z,ETH/USDT,3.912962433473848,4665.23,18254.8697335152
2021-11-14T00:00:00Z,BTC/USDT,0.27344382437376646,64370.6,17601.74304123397
2021-11-14T00:00:00Z,ETH/USDT,3.912962433473848,4644.16,18172.423615041906
2021-11-15T00:00:00Z,BTC/USDT,0.27344382437376646,65505.2,17911.992404368448
2021-11-15T00:00:00Z,ETH/USDT,3.912962433473848,4626.34,18102.694624477404
2021-11-16T00:00:00Z,BTC/USDT,0.27344382437376646,63611.8,17394.253867299158
2021-11-16T00:00:00Z,ETH/USDT,3.912962433473848,4563.02,17854.92584318984
2021-11-17T00:00:00Z,ETH/USDT,3.912962433473848,4207.55,16463.98508696289
2023-03-16T00:00:00Z,BTC/USDT,0.6792056492324152,24281.8,16492.335733531658
2023-03-16T00:00:00Z,ETH/USDT,9.734257065661275,1650.23,16063.763037466206
2023-03-17T00:00:00Z,BTC/USDT,0.6792056492324152,25001.0,16980.820436459613
2023-03-17T00:00:00Z,ETH/USDT,9.734257065661275,1673.49,16290.181856813488
2023-03-18T00:00:00Z,BTC/USDT,0.6792056492324152,27390.8,18603.98609699524
2023-03-18T00:00:00Z,ETH/USDT,9.734257065661275,1789.21,17416.630084451812
2023-03-19T00:00:00Z,BTC/USDT,0.6792056492324152,26907.7,18275.861847851058
2023-03-19T00:00:00Z,ETH/USDT,9.734257065661275,1758.67,17119.345873666516
2023-03-20T00:00:00Z,BTC/USDT,0.6792056492324152,27967.4,18995.61607434265
2023-03-20T00:00:00Z,ETH/USDT,9.734257065661275,1780.7,17333.791556823035
2023-03-21T00:00:00Z,BTC/USDT,0.6792056492324152,27722.4,18829.21069028071
2023-03-21T00:00:00Z,ETH/USDT,9.734257065661275,1732.79,16867.4233008072
2023-03-22T00:00:00Z,BTC/USDT,0.6792056492324152,28107.9,19091.044468059805
2023-03-22T00:00:00Z,ETH/USDT,9.734257065661275,1800.97,17531.104947543987
2023-03-23T00:00:00Z,BTC/USDT,0.6792056492324152,27253.9,18511.002843615322
2023-03-23T00:00:00Z,ETH/USDT,9.734257065661275,1734.36,16882.706084400288
2023-03-24T00:00:00Z,BTC/USDT,0.6792056492324152,28293.4,19217.037115992418
2023-03-24T00:00:00Z,ETH/USDT,9.734257065661275,1813.74,17655.41141027248
2023-03-25T00:00:00Z,BTC/USDT,0.6792056492324152,27452.2,18645.68932385811
2023-03-25T00:00:00Z,ETH/USDT,9.734257065661275,1749.5,17030.0827363744
2023-03-26T00:00:00Z,BTC/USDT,0.6792056492324152,27462.8,18652.88890373997
2023-03-26T00:00:00Z,ETH/USDT,9.734257065661275,1741.9,16956.102382675377
2023-03-27T00:00:00Z,BTC/USDT,0.6792056492324152,27970.1,18997.449929595576
2023-03-27T00:00:00Z,ETH/USDT,9.734257065661275,1773.79,17266.52784049931
2023-03-28T00:00:00Z,BTC/USDT,0.6792056492324152,27125.5,18423.792838253878
2023-03-28T00:00:00Z,ETH/USDT,9.734257065661275,1715.32,16697.365829870098
2023-03-29T00:00:00Z,BTC/USDT,0.6792056492324152,27261.8,18516.368568244256
2023-03-29T00:00:00Z,ETH/USDT,9.734257065661275,1772.78,17256.696240862995
2023-03-30T00:00:00Z,BTC/USDT,0.6792056492324152,28348.2,19254.257585570354
2023-03-30T00:00:00Z,ETH/USDT,9.734257065661275,1792.99,17453.42557616001
2023-03-31T00:00:00Z,BTC/USDT,0.6792056492324152,28027.5,19036.43633386152
2023-03-31T00:00:00Z,ETH/USDT,9.734257065661275,1793.59,17459.266130399406
2023-04-01T00:00:00Z,BTC/USDT,0.6792056492324152,28467.2,19335.08305782901
2023-04-01T00:00:00Z,ETH/USDT,9.734257065661275,1821.95,17735.32966078156
2023-04-02T00:00:00Z,BTC/USDT,0.6792056492324152,28453.9,19326.04962269422
2023-04-02T00:00:00Z,ETH/USDT,9.734257065661275,1820.83,17724.42729286802
2023-04-03T00:00:00Z,BTC/USDT,0.6792056492324152,28173.5,19135.60035864945
2023-04-03T00:00:00Z,ETH/USDT,9.734257065661275,1794.34,17466.566823198653
2023-04-04T00:00:00Z,BTC/USDT,0.6792056492324152,27800.9,18882.528333745453
2023-04-04T00:00:00Z,ETH/USDT,9.734257065661275,1810.5,17623.872417379738
2023-04-05T00:00:00Z,BTC/USDT,0.6792056492324152,28163.7,19128.94414328697
2023-04-05T00:00:00Z,ETH/USDT,9.734257065661275,1870.6,18208.90126702598
2023-04-06T00:00:00Z,BTC/USDT,0.6792056492324152,28171.5,19134.241947350987
2023-04-06T00:00:00Z,ETH/USDT,9.734257065661275,1908.77,18580.45785922227
2023-04-07T00:00:00Z,BTC/USDT,0.6792056492324152,28030.3,19038.338109679367
2023-04-07T00:00:00Z,ETH/USDT,9.734257065661275,1872.49,18227.29901288008
2023-04-08T00:00:00Z,BTC/USDT,0.6792056492324152,27906.0,18953.91284747978
2023-04-08T00:00:00Z,ETH/USDT,9.734257065661275,1863.74,18142.124263555546
2023-04-09T00:00:00Z,BTC/USDT,0.6792056492324152,27939.2,18976.462475034295
2023-04-09T00:00:00Z,ETH/USDT,9.734257065661275,1848.79,17996.597120423907
2023-04-10T00:00:00Z,BTC/USDT,0.6792056492324152,28320.8,19235.647350781386
2023-04-10T00:00:00Z,ETH/USDT,9.734257065661275,1858.58,18091.89549709673
2023-04-11T00:00:00Z,BTC/USDT,0.6792056492324152,29636.6,20129.346144041396
2023-04-11T00:00:00Z,ETH/USDT,9.734257065661275,1910.02,18592.62568055435
2023-04-12T00:00:00Z,BTC/USDT,0.6792056492324152,30200.3,20512.21436851371
2023-04-12T00:00:00Z,ETH/USDT,9.734257065661275,1889.74,18395.21494726274
2023-04-13T00:00:00Z,BTC/USDT,0.6792056492324152,29889.4,20301.049332167353
2023-04-13T00:00:00Z,ETH/USDT,9.734257065661275,1917.07,18661.25219286726
2023-04-14T00:00:00Z,BTC/USDT,0.6792056492324152,30372.7,20629.30942244138
2023-04-14T00:00:00Z,ETH/USDT,9.734257065661275,2011.69,19582.30759642013
2023-05-30T00:00:00Z,ETH/USDT,16.306359046265428,1892.57,30860.92594019056
2023-05-31T00:00:00Z,ETH/USDT,16.306359046265428,1900.51,30990.398431017908
2023-06-01T00:00:00Z,ETH/USDT,16.306359046265428,1873.5,30549.963673178278
2023-06-02T00:00:00Z,ETH/USDT,16.306359046265428,1861.61,30356.08106411818
2023-06-03T00:00:00Z,ETH/USDT,16.306359046265428,1906.58,31089.37803042874
2023-06-04T00:00:00Z,ETH/USDT,16.306359046265428,1891.93,30850.48987040095
2023-06-05T00:00:00Z,ETH/USDT,16.306359046265428,1890.23,30822.7690600223
2023-06-22T00:00:00Z,BTC/USDT,0.891870496546451,29991.1,26748.177248974265
2023-06-23T00:00:00Z,BTC/USDT,0.891870496546451,29886.9,26655.244343234128
2023-06-24T00:00:00Z,BTC/USDT,0.891870496546451,30690.6,27372.040661308507
2023-06-25T00:00:00Z,BTC/USDT,0.891870496546451,30532.0,27230.590000556243
2023-06-26T00:00:00Z,BTC/USDT,0.891870496546451,30464.3,27170.210367940046
2023-06-27T00:00:00Z,BTC/USDT,0.891870496546451,30271.4,26998.16854915624
2023-06-28T00:00:00Z,BTC/USDT,0.891870496546451,30692.4,27373.646028202293
2023-06-29T00:00:00Z,BTC/USDT,0.891870496546451,30079.0,26826.5726656207
2023-06-30T00:00:00Z,BTC/USDT,0.891870496546451,30448.8,27156.386375243575
2023-07-01T00:00:00Z,BTC/USDT,0.891870496546451,30475.1,27179.84256930275
2023-07-02T00:00:00Z,BTC/USDT,0.891870496546451,30585.5,27278.30507212148
2023-07-03T00:00:00Z,BTC/USDT,0.891870496546451,30615.1,27304.70443881925
2023-07-04T00:00:00Z,BTC/USDT,0.891870496546451,31156.5,27787.5631256495
2023-07-05T00:00:00Z,BTC/USDT,0.891870496546451,30765.9,27439.198509698457
2023-07-06T00:00:00Z,BTC/USDT,0.891870496546451,30504.3,27205.885187801905
2023-07-07T00:00:00Z,BTC/USDT,0.891870496546451,29895.0,26662.468494256154
2023-07-08T00:00:00Z,BTC/USDT,0.891870496546451,30343.4,27062.383224907582
2023-07-09T00:00:00Z,BTC/USDT,0.891870496546451,30288.3,27013.24116054787
2023-07-10T00:00:00Z,BTC/USDT,0.891870496546451,30163.3,26901.757348479565
2023-07-11T00:00:00Z,BTC/USDT,0.891870496546451,30413.8,27125.170907864453
2023-07-12T00:00:00Z,BTC/USDT,0.891870496546451,30621.2,27310.144848848187
2023-07-13T00:00:00Z,BTC/USDT,0.891870496546451,30380.4,27095.382433279803
2023-07-14T00:00:00Z,BTC/USDT,0.891870496546451,31451.9,28051.021670329323
2023-07-15T00:00:00Z,BTC/USDT,0.891870496546451,30313.3,27035.537922961532
2023-07-15T00:00:00Z,ETH/USDT,13.35181854187373,1937.85,25873.821561370005
2023-07-16T00:00:00Z,BTC/USDT,0.891870496546451,30288.2,27013.151973498218
2023-07-16T00:00:00Z,ETH/USDT,13.35181854187373,1931.35,25787.034740847826
2023-07-17T00:00:00Z,BTC/USDT,0.891870496546451,30231.0,26962.136981095762
2023-07-17T00:00:00Z,ETH/USDT,13.35181854187373,1922.3,25666.20078304387
2023-07-18T00:00:00Z,BTC/USDT,0.891870496546451,30141.2,26882.04701050589
2023-12-03T00:00:00Z,BTC/USDT,0.7370077901056851,39453.0,29077.168343039593
2023-12-04T00:00:00Z,BTC/USDT,0.7370077901056851,39972.5,29460.043889999495
2023-12-04T00:00:00Z,ETH/USDT,10.653127300507954,2192.93,23361.562451102905
2023-12-05T00:00:00Z,BTC/USDT,0.7370077901056851,41985.1,30943.345768366198
2023-12-05T00:00:00Z,ETH/USDT,10.653127300507954,2243.3,23898.160473229495
2023-12-06T00:00:00Z,BTC/USDT,0.7370077901056851,44071.2,32480.817719305665
2023-12-06T00:00:00Z,ETH/USDT,10.653127300507954,2292.94,24426.98171242671
2023-12-07T00:00:00Z,BTC/USDT,0.7370077901056851,43763.4,32253.96672151114
2023-12-07T00:00:00Z,ETH/USDT,10.653127300507954,2233.07,23789.1789809453
2023-12-08T00:00:00Z,BTC/USDT,0.7370077901056851,43277.7,31896.002037856804
2023-12-08T00:00:00Z,ETH/USDT,10.653127300507954,2355.58,25094.293606530526
2023-12-09T00:00:00Z,BTC/USDT,0.7370077901056851,44167.9,32552.08637260889
2023-12-09T00:00:00Z,ETH/USDT,10.653127300507954,2358.54,25125.82686334003
2023-12-10T00:00:00Z,BTC/USDT,0.7370077901056851,43712.7,32216.600426552777
2023-12-10T00:00:00Z,ETH/USDT,10.653127300507954,2340.73,24936.094666117984
2023-12-11T00:00:00Z,BTC/USDT,0.7370077901056851,43784.0,32269.149081987314
2023-12-11T00:00:00Z,ETH/USDT,10.653127300507954,2351.99,25056.0488795217
2023-12-12T00:00:00Z,BTC/USDT,0.7370077901056851,41250.3,30401.792444196544
2023-12-12T00:00:00Z,ETH/USDT,10.653127300507954,2224.93,23702.46252471916
2023-12-13T00:00:00Z,BTC/USDT,0.7370077901056851,41490.0,30578.453211484873
2023-12-13T00:00:00Z,ETH/USDT,10.653127300507954,2203.39,23472.99416266622
2023-12-14T00:00:00Z,BTC/USDT,0.7370077901056851,42868.7,31594.56585170358
2023-12-14T00:00:00Z,ETH/USDT,10.653127300507954,2260.15,24077.665668243055
2023-12-15T00:00:00Z,BTC/USDT,0.7370077901056851,43022.8,31708.13875215887
2023-12-15T00:00:00Z,ETH/USDT,10.653127300507954,2315.52,24667.529326872176
2023-12-16T00:00:00Z,BTC/USDT,0.7370077901056851,41938.3,30908.853803789254
2023-12-16T00:00:00Z,ETH/USDT,10.653127300507954,2220.56,23655.90835841594
2023-12-17T00:00:00Z,BTC/USDT,0.7370077901056851,42274.7,31156.7832243808
2023-12-17T00:00:00Z,ETH/USDT,10.653127300507954,2228.84,23744.11625246415
2023-12-18T00:00:00Z,BTC/USDT,0.7370077901056851,41373.8,30492.812906274594
2023-12-18T00:00:00Z,ETH/USDT,10.653127300507954,2196.52,23399.807178111732
2023-12-19T00:00:00Z,BTC/USDT,0.7370077901056851,42655.8,31437.656893190084
2023-12-19T00:00:00Z,ETH/USDT,10.653127300507954,2219.13,23640.674386376217
2023-12-20T00:00:00Z,BTC/USDT,0.7370077901056851,42268.6,31152.28747686116
2023-12-20T00:00:00Z,ETH/USDT,10.653127300507954,2177.72,23199.52838486218
2024-01-10T00:00:00Z,BTC/USDT,0.4120086207021217,46116.8,19000.519159195606
2024-01-11T00:00:00Z,BTC/USDT,0.4120086207021217,46644.8,19218.059710926325
2024-01-12T00:00:00Z,BTC/USDT,0.4120086207021217,46340.1,19092.52068419839
2024-01-12T00:00:00Z,ETH/USDT,6.3328454354062504,2617.56,16576.602897901983
2024-01-13T00:00:00Z,ETH/USDT,6.3328454354062504,2522.33,15973.526027088246
2024-01-14T00:00:00Z,ETH/USDT,6.3328454354062504,2578.24,16327.59541538181
2024-01-15T00:00:00Z,ETH/USDT,6.3328454354062504,2473.61,15664.989797475257
2024-01-16T00:00:00Z,ETH/USDT,6.3328454354062504,2511.87,15907.284463833897
2024-01-17T00:00:00Z,ETH/USDT,6.3328454354062504,2587.68,16387.377476292044
2024-01-18T00:00:00Z,ETH/USDT,6.3328454354062504,2530.26,16023.74549139102
2024-01-19T00:00:00Z,ETH/USDT,6.3328454354062504,2471.08,15648.967698523677
2024-01-20T00:00:00Z,ETH/USDT,6.3328454354062504,2492.14,15782.337423393332
2024-01-21T00:00:00Z,ETH/USDT,6.3328454354062504,2472.12,15655.553857776498
2024-01-22T00:00:00Z,ETH/USDT,6.3328454354062504,2456.61,15557.33142507335
2024-02-11T00:00:00Z,ADA/USDT,33464.434958865924,0.551636,18460.187042968962
2024-02-12T00:00:00Z,ADA/USDT,33464.434958865924,0.541492,18120.723814746227
2024-02-13T00:00:00Z,ADA/USDT,33464.434958865924,0.559214,18713.78053108725
2024-02-14T00:00:00Z,ADA/USDT,33464.434958865924,0.544883,18234.201713691742
2024-02-15T00:00:00Z,ADA/USDT,33464.434958865924,0.576827,19303.189624017752
2024-02-16T00:00:00Z,ADA/USDT,33464.434958865924,0.608572,20365.518111786954
2024-02-17T00:00:00Z,ADA/USDT,33464.434958865924,0.598671,20034.186741259222
2024-02-18T00:00:00Z,ADA/USDT,33464.434958865924,0.609433,20394.330990286537
2024-02-19T00:00:00Z,ADA/USDT,33464.434958865924,0.619286,20724.056067936242
2024-02-20T00:00:00Z,ADA/USDT,33464.434958865924,0.630908,21112.979731028183
2024-02-21T00:00:00Z,ADA/USDT,33464.434958865924,0.622024,20815.681690853617
2024-02-22T00:00:00Z,ADA/USDT,33464.434958865924,0.598763,20037.26546927544
2024-02-23T00:00:00Z,ADA/USDT,33464.434958865924,0.585853,19605.239613956477
2024-02-24T00:00:00Z,ADA/USDT,33464.434958865924,0.582577,19495.610125031235
2024-02-25T00:00:00Z,ADA/USDT,33464.434958865924,0.59659,19964.54725210982
2024-02-26T00:00:00Z,ADA/USDT,33464.434958865924,0.591474,19793.343202860266
2024-02-27T00:00:00Z,ADA/USDT,33464.434958865924,0.619214,20721.646628619204
2024-02-28T00:00:00Z,BTC/USDT,0.48767586205333746,57031.8,27813.032229453533
2024-02-28T00:00:00Z,ADA/USDT,33464.434958865924,0.623933,20879.565297190093
2024-02-29T00:00:00Z,BTC/USDT,0.48767586205333746,62429.7,30445.45776523124
2024-02-29T00:00:00Z,ADA/USDT,33464.434958865924,0.628827,21043.340241878785
2024-03-01T00:00:00Z,BTC/USDT,0.48767586205333746,61143.2,29818.062768699623
2024-03-01T00:00:00Z,ADA/USDT,33464.434958865924,0.654795,21912.344688890615
2024-03-02T00:00:00Z,BTC/USDT,0.48767586205333746,62381.7,30422.04932385268
2024-03-02T00:00:00Z,ADA/USDT,33464.434958865924,0.719443,24075.75348011138
2024-03-03T00:00:00Z,BTC/USDT,0.48767586205333746,61982.0,30227.125281789962
2024-03-03T00:00:00Z,ADA/USDT,33464.434958865924,0.741625,24818.061576368942
2024-03-04T00:00:00Z,BTC/USDT,0.48767586205333746,63106.1,30775.321718324118
2024-03-04T00:00:00Z,ADA/USDT,33464.434958865924,0.728022,24362.844867623488
2024-03-05T00:00:00Z,BTC/USDT,0.48767586205333746,68248.5,33283.146071347204
2024-03-05T00:00:00Z,ADA/USDT,33464.434958865924,0.770093,25770.727110777938
2024-03-06T00:00:00Z,BTC/USDT,0.48767586205333746,63714.1,31071.828642452547
2024-03-06T00:00:00Z,ADA/USDT,33464.434958865924,0.692295,23167.260999848084
2024-03-07T00:00:00Z,BTC/USDT,0.48767586205333746,66074.1,32222.743676898426
2024-03-07T00:00:00Z,ADA/USDT,33464.434958865924,0.734996,24596.225837026617
2024-03-08T00:00:00Z,BTC/USDT,0.48767586205333746,66820.2,32586.59863757642
2024-03-08T00:00:00Z,ADA/USDT,33464.434958865924,0.742634,24851.82719124244
2024-03-09T00:00:00Z,BTC/USDT,0.48767586205333746,68124.1,33222.47919410777
2024-03-09T00:00:00Z,ADA/USDT,33464.434958865924,0.722629,24182.371169890324
2024-03-10T00:00:00Z,BTC/USDT,0.48767586205333746,68313.0,33314.60116444964
2024-03-10T00:00:00Z,ADA/USDT,33464.434958865924,0.741605,24817.39228766976
2024-03-11T00:00:00Z,BTC/USDT,0.48767586205333746,68953.9,33627.15262443962
2024-03-11T00:00:00Z,ADA/USDT,33464.434958865924,0.716513,23977.7026856819
2024-03-12T00:00:00Z,BTC/USDT,0.48767586205333746,72085.5,35154.35835404586
2024-03-13T00:00:00Z,BTC/USDT,0.48767586205333746,71450.0,34844.440343710965
2024-03-14T00:00:00Z,BTC/USDT,0.48767586205333746,73078.1,35638.425414720004
2024-03-15T00:00:00Z,BTC/USDT,0.48767586205333746,71387.9,34814.15567267744
2024-03-16T00:00:00Z,BTC/USDT,0.48767586205333746,69492.1,33889.619773396735
2024-03-17T00:00:00Z,BTC/USDT,0.48767586205333746,65308.2,31849.232734151774
2024-03-18T00:00:00Z,BTC/USDT,0.48767586205333746,68395.8,33354.98072582766
2024-03-19T00:00:00Z,BTC/USDT,0.48767586205333746,67615.9,32974.64232101226
2024-03-20T00:00:00Z,BTC/USDT,0.48767586205333746,61931.8,30202.643953514886
2024-04-10T00:00:00Z,ETH/USDT,4.876677925983443,3506.02,17097.73034205647
2024-04-11T00:00:00Z,ETH/USDT,4.876677925983443,3545.77,17291.57828961431
2024-04-12T00:00:00Z,ETH/USDT,4.876677925983443,3502.29,17079.540333392553
2024-05-17T00:00:00Z,BTC/USDT,0.31855870461387353,65237.7,20782.037203988497
2024-05-18T00:00:00Z,BTC/USDT,0.31855870461387353,67019.1,21349.517680387653
2024-05-19T00:00:00Z,BTC/USDT,0.31855870461387353,66914.0,21316.037160532735
2024-05-20T00:00:00Z,BTC/USDT,0.31855870461387353,66269.4,21110.69421953863
2024-05-21T00:00:00Z,BTC/USDT,0.31855870461387353,71401.2,22745.473779876105
2024-05-22T00:00:00Z,BTC/USDT,0.31855870461387353,70144.9,22345.268479269696
2024-05-22T00:00:00Z,ETH/USDT,5.433164283019001,3790.15,20592.507607284468
2024-05-23T00:00:00Z,BTC/USDT,0.31855870461387353,69168.0,22034.068480732403
2024-05-23T00:00:00Z,ETH/USDT,5.433164283019001,3737.96,20308.950763353703
2024-05-24T00:00:00Z,BTC/USDT,0.31855870461387353,67971.1,21652.78556718006
2024-05-24T00:00:00Z,ETH/USDT,5.433164283019001,3783.64,20557.137707802012
2024-05-25T00:00:00Z,BTC/USDT,0.31855870461387353,68566.0,21842.296140554852
2024-05-25T00:00:00Z,ETH/USDT,5.433164283019001,3728.12,20255.488426808795
2024-05-26T00:00:00Z,BTC/USDT,0.31855870461387353,69294.6,22074.39801273652
2024-05-26T00:00:00Z,ETH/USDT,5.433164283019001,3749.59,20372.138463965217
2024-05-27T00:00:00Z,BTC/USDT,0.31855870461387353,68503.5,21822.386221516485
2024-05-27T00:00:00Z,ETH/USDT,5.433164283019001,3826.43,20789.622807472395
2024-05-28T00:00:00Z,BTC/USDT,0.31855870461387353,69429.5,22117.371581988933
2024-05-28T00:00:00Z,ETH/USDT,5.433164283019001,3894.16,21157.61102436127
2024-05-29T00:00:00Z,BTC/USDT,0.31855870461387353,68405.1,21791.04004498248
2024-05-29T00:00:00Z,ETH/USDT,5.433164283019001,3843.74,20883.670881211452
2024-05-30T00:00:00Z,BTC/USDT,0.31855870461387353,67654.0,21551.770601947
2024-05-30T00:00:00Z,ETH/USDT,5.433164283019001,3767.51,20469.500767916918
2024-05-31T00:00:00Z,BTC/USDT,0.31855870461387353,68353.0,21774.4431364721
2024-05-31T00:00:00Z,ETH/USDT,5.433164283019001,3747.97,20363.336737826725
2024-06-01T00:00:00Z,BTC/USDT,0.31855870461387353,67536.4,21514.308098284408
2024-06-01T00:00:00Z,ETH/USDT,5.433164283019001,3761.32,20435.86948100503
2024-06-02T00:00:00Z,BTC/USDT,0.31855870461387353,67761.7,21586.079374433913
2024-06-02T00:00:00Z,ETH/USDT,5.433164283019001,3815.59,20730.72730664447
2024-06-03T00:00:00Z,BTC/USDT,0.31855870461387353,67768.4,21588.213717754825
2024-06-03T00:00:00Z,ETH/USDT,5.433164283019001,3780.8,20541.70752123824
2024-06-04T00:00:00Z,BTC/USDT,0.31855870461387353,68808.7,21919.61033816464
2024-06-04T00:00:00Z,ETH/USDT,5.433164283019001,3767.14,20467.4904971322
2024-06-05T00:00:00Z,ETH/USDT,5.433164283019001,3809.81,20699.32361708862
2024-06-06T00:00:00Z,ETH/USDT,5.433164283019001,3865.88,21003.961138437495
2024-06-07T00:00:00Z,ETH/USDT,5.433164283019001,3813.84,20721.219269149187
2024-06-08T00:00:00Z,ETH/USDT,5.433164283019001,3678.29,19984.75385058596
2024-06-09T00:00:00Z,ETH/USDT,5.433164283019001,3681.32,20001.21633836351
2024-06-10T00:00:00Z,ETH/USDT,5.433164283019001,3706.38,20137.371435295965
2024-07-17T00:00:00Z,BTC/USDT,0.3022968659232137,65048.6,19663.98791269276
2024-07-18T00:00:00Z,BTC/USDT,0.3022968659232137,64082.9,19372.05982927071
2024-07-19T00:00:00Z,BTC/USDT,0.3022968659232137,63988.1,19343.40208638119
2024-07-20T00:00:00Z,BTC/USDT,0.3022968659232137,66653.4,20149.11392312633
2024-07-21T00:00:00Z,BTC/USDT,0.3022968659232137,67122.4,20290.891153244316
2024-07-22T00:00:00Z,BTC/USDT,0.3022968659232137,68171.0,20607.8796468514
2024-07-23T00:00:00Z,BTC/USDT,0.3022968659232137,67536.9,20416.19320416949
2024-07-24T00:00:00Z,BTC/USDT,0.3022968659232137,65935.8,19932.185692139836
2024-07-25T00:00:00Z,BTC/USDT,0.3022968659232137,65386.1,19766.01310494184
2024-07-26T00:00:00Z,BTC/USDT,0.3022968659232137,65796.0,19889.92459028377
2024-07-27T00:00:00Z,BTC/USDT,0.3022968659232137,67912.3,20529.675447637066
2024-07-28T00:00:00Z,BTC/USDT,0.3022968659232137,67915.7,20530.703256981204
2024-07-29T00:00:00Z,BTC/USDT,0.3022968659232137,68246.9,20630.82397897497
2024-07-30T00:00:00Z,BTC/USDT,0.3022968659232137,66782.6,20188.170678203613
2024-07-31T00:00:00Z,BTC/USDT,0.3022968659232137,66189.8,20008.969096084333
2024-08-01T00:00:00Z,BTC/USDT,0.3022968659232137,64633.5,19538.504483648034
2024-08-02T00:00:00Z,BTC/USDT,0.3022968659232137,65350.3,19755.190877141795
2024-08-03T00:00:00Z,BTC/USDT,0.3022968659232137,61493.8,18589.38301370892
2024-08-25T00:00:00Z,BTC/USDT,0.3061239776367488,64151.3,19638.251126568364
2024-08-26T00:00:00Z,BTC/USDT,0.3061239776367488,64220.6,19659.46551821859
2024-08-27T00:00:00Z,BTC/USDT,0.3061239776367488,62830.1,19233.80012731469
2024-09-20T00:00:00Z,BTC/USDT,0.34955989091722284,62950.4,22004.934957195546
2024-09-21T00:00:00Z,BTC/USDT,0.34955989091722284,63205.5,22094.107685368526
2024-09-22T00:00:00Z,BTC/USDT,0.34955989091722284,63343.5,22142.346950315106
2024-09-23T00:00:00Z,BTC/USDT,0.34955989091722284,63575.9,22223.584668964268
2024-09-24T00:00:00Z,BTC/USDT,0.34955989091722284,63331.4,22138.117275635006
2024-09-25T00:00:00Z,BTC/USDT,0.34955989091722284,64269.7,22466.109321282634
2024-09-26T00:00:00Z,BTC/USDT,0.34955989091722284,63154.4,22076.24517494266
2024-09-27T00:00:00Z,BTC/USDT,0.34955989091722284,65165.5,22779.245071566285
2024-09-28T00:00:00Z,BTC/USDT,0.34955989091722284,65770.8,22990.83367353848
2024-09-29T00:00:00Z,BTC/USDT,0.34955989091722284,65841.0,23015.372777880868
2024-09-30T00:00:00Z,BTC/USDT,0.34955989091722284,65598.0,22930.429724387985
2024-10-01T00:00:00Z,BTC/USDT,0.34955989091722284,63330.0,22137.62789178772
2024-10-02T00:00:00Z,BTC/USDT,0.34955989091722284,60816.0,21258.834326021824
2024-10-30T00:00:00Z,BTC/USDT,0.4267586778452076,72735.5,31040.505812410098
2024-10-31T00:00:00Z,BTC/USDT,0.4267586778452076,72345.6,30874.112603918253
2024-11-01T00:00:00Z,BTC/USDT,0.4267586778452076,70298.2,30000.366886897973
2024-11-02T00:00:00Z,BTC/USDT,0.4267586778452076,69495.2,29657.67966858827
2024-11-03T00:00:00Z,BTC/USDT,0.4267586778452076,69376.8,29607.1514411314
2024-11-04T00:00:00Z,BTC/USDT,0.4267586778452076,68771.5,29348.834413431694
2024-11-05T00:00:00Z,BTC/USDT,0.4267586778452076,67857.2,28958.64895427782
2024-11-06T00:00:00Z,BTC/USDT,0.4267586778452076,69374.9,29606.34059964349
2024-11-07T00:00:00Z,BTC/USDT,0.4267586778452076,75581.7,32255.146361293126
2024-11-08T00:00:00Z,BTC/USDT,0.4267586778452076,75865.4,32376.21779819781
2024-11-09T00:00:00Z,BTC/USDT,0.4267586778452076,76506.9,32649.983490035513
2024-11-10T00:00:00Z,BTC/USDT,0.4267586778452076,76684.1,32725.605127749688
2024-11-11T00:00:00Z,BTC/USDT,0.4267586778452076,80359.5,34294.11397230196
2024-11-12T00:00:00Z,BTC/USDT,0.4267586778452076,88637.1,37826.65160403345
2024-11-13T00:00:00Z,BTC/USDT,0.4267586778452076,87936.9,37527.835177806235
2024-11-14T00:00:00Z,BTC/USDT,0.4267586778452076,90375.4,38568.486213731776
2024-11-15T00:00:00Z,BTC/USDT,0.4267586778452076,87322.4,37265.591970270354
2024-11-16T00:00:00Z,BTC/USDT,0.4267586778452076,91042.3,38853.09157598674
2024-11-17T00:00:00Z,BTC/USDT,0.4267586778452076,90573.2,38652.89908020956
2024-11-18T00:00:00Z,BTC/USDT,0.4267586778452076,89854.2,38346.05959083885
2024-11-19T00:00:00Z,BTC/USDT,0.4267586778452076,90465.7,38607.0225223412
2024-11-20T00:00:00Z,BTC/USDT,0.4267586778452076,92292.1,39386.45457155769
2024-11-21T00:00:00Z,BTC/USDT,0.4267586778452076,94285.0,40236.9419406354
2024-11-22T00:00:00Z,BTC/USDT,0.4267586778452076,98317.0,41957.63292970727
2024-11-23T00:00:00Z,BTC/USDT,0.4267586778452076,98891.4,42202.76311426156
2024-11-24T00:00:00Z,BTC/USDT,0.4267586778452076,97684.1,41687.537362499046
2024-11-25T00:00:00Z,BTC/USDT,0.4267586778452076,97891.9,41776.21781575528
2024-11-26T00:00:00Z,BTC/USDT,0.4267586778452076,92999.0,39688.13028092646
2024-11-27T00:00:00Z,BTC/USDT,0.4267586778452076,91958.3,39244.00252489295
2024-11-28T00:00:00Z,BTC/USDT,0.4267586778452076,95854.3,40906.654333777886
2024-11-29T00:00:00Z,ETH/USDT,4.384471122307893,3579.05,15692.241370296066
2024-11-30T00:00:00Z,ETH/USDT,4.384471122307893,3592.39,15750.730215067651
2024-12-01T00:00:00Z,ETH/USDT,4.384471122307893,3703.26,16236.83652839793
2024-12-02T00:00:00Z,ETH/USDT,4.384471122307893,3708.44,16259.548088811483
2024-12-03T00:00:00Z,ETH/USDT,4.384471122307893,3643.18,15973.41750336967
2024-12-04T00:00:00Z,ETH/USDT,4.384471122307893,3614.49,15847.627026870656
2024-12-05T00:00:00Z,ETH/USDT,4.384471122307893,3838.31,16828.95935346561
2024-12-06T00:00:00Z,ETH/USDT,4.384471122307893,3785.11,16595.70548975883
2024-12-07T00:00:00Z,ETH/USDT,4.384471122307893,3999.55,17535.911477226535
2024-12-08T00:00:00Z,ETH/USDT,4.384471122307893,3996.17,17521.091964833133
2024-12-09T00:00:00Z,ETH/USDT,4.384471122307893,4004.05,17555.64159727692
2024-12-10T00:00:00Z,ETH/USDT,4.384471122307893,3712.42,16276.998283878269
2024-12-11T00:00:00Z,ETH/USDT,4.384471122307893,3628.45,15908.834243738074
2024-12-12T00:00:00Z,ETH/USDT,4.384471122307893,3831.76,16800.241067614494
2024-12-13T00:00:00Z,ETH/USDT,4.384471122307893,3881.79,17019.596157863558
2024-12-14T00:00:00Z,ETH/USDT,4.384471122307893,3907.3,17131.444016193633
2024-12-15T00:00:00Z,ETH/USDT,4.384471122307893,3870.4,16969.65703178047
2024-12-16T00:00:00Z,ETH/USDT,4.384471122307893,3958.93,17357.814260238385
2024-12-17T00:00:00Z,BTC/USDT,0.19087612457147624,106060.3,20244.37903488814
2024-12-17T00:00:00Z,ETH/USDT,4.384471122307893,3986.05,17476.72111707538
2024-12-18T00:00:00Z,BTC/USDT,0.19087612457147624,106149.9,20261.481535649746
2024-12-18T00:00:00Z,ETH/USDT,4.384471122307893,3893.27,17069.92988634765
2024-12-19T00:00:00Z,BTC/USDT,0.19087612457147624,100202.9,19126.341222823175
2024-12-19T00:00:00Z,ETH/USDT,4.384471122307893,3626.72,15901.249108696482
2024-12-20T00:00:00Z,BTC/USDT,0.19087612457147624,97456.6,18602.138121912532
