universe_mode,fold_id,trade_id,position_id,candidate_id,symbol,entry_time,exit_time,entry_price,exit_price,quantity,gross_pnl,net_pnl,return_fraction,exit_reason,alignment_tier,holding_hours,mfe,mae,natural_reselection_sequence,previous_position_id
PIT_UNIVERSE,WF01,TRADE-f0dddc26306079812c05,POS-f46bee22161485bd0082,CAND-83bdbbef1c62f2632c93,FTT,2022-02-07T04:00:00+00:00,2022-02-14T04:00:00+00:00,47.193,43.79,529.7395800224609,-1802.7037908164339,-1899.098383234801,-0.07581231070797609,REBALANCE_EXIT,FULL,168.0,0.03059775814209731,-0.09272561608713148,0,
PIT_UNIVERSE,WF01,TRADE-33b155edc1dd5b1f46fe,POS-a37fd1c8be266a20eede,CAND-ee3e61743e40e79190a0,MANA,2022-02-09T00:00:00+00:00,2022-02-14T04:00:00+00:00,3.46908,2.7518,7002.6851249002675,-5022.8859863884645,-5110.011714068044,-0.20993036469061488,REBALANCE_EXIT,FULL,124.0,0.023135816988942404,-0.21678370057767482,0,
PIT_UNIVERSE,WF01,TRADE-28a111a97c496f50aa77,POS-6ed884f20752ae2e77b8,CAND-57c4f3427ef83e7e9474,SNX,2022-02-07T04:00:00+00:00,2022-02-14T04:00:00+00:00,5.841641,4.415454,4275.280493132744,-6097.349460659507,-6185.053376998925,-0.2471588998492463,REBALANCE_EXIT,FULL,168.0,0.03985164442662592,-0.2548292508902893,0,
PIT_UNIVERSE,WF01,TRADE-a8166c232d36c988efdc,POS-a739ac2fc798f5e0bb6b,CAND-2e4a99a76f9abc3ea76a,CRO,2022-02-15T12:00:00+00:00,2022-02-21T04:00:00+00:00,0.4926,0.4141,29514.83898556236,-2316.914860366644,-2370.437069383063,-0.16271436015504506,REBALANCE_EXIT,MEDIUM,136.0,0.012586276898091775,-0.18473406414941118,0,
PIT_UNIVERSE,WF01,TRADE-adecdac4ce8522ace7d2,POS-4d3925756be538ccde9c,CAND-bce167a4e3f98fe638ad,ETC,2022-02-16T20:00:00+00:00,2022-02-21T04:00:00+00:00,32.7166,28.1426,661.6069028887046,-3026.189973812933,-3106.7197074615015,-0.14324060900530103,REBALANCE_EXIT,FULL,104.0,0.0021609824981814185,-0.17962135429720694,0,
PIT_UNIVERSE,WF01,TRADE-ddea250cd84b3e1d2bbb,POS-f417abd7b2a08fa9a559,CAND-16a75983b3be06ff9343,XRP,2022-02-15T04:00:00+00:00,2022-03-14T04:00:00+00:00,0.82368,0.76154,17652.459229378463,-1096.923816513577,-1152.8898793527676,-0.07913276981390749,REBALANCE_EXIT,MEDIUM,648.0,0.04385198135198132,-0.24573863636363635,0,
PIT_UNIVERSE,WF01,TRADE-40f7a4b136b0b65ddebf,POS-4774862460ae98b8c7bd,CAND-6f5824d5923934863997,SNX,2022-03-22T04:00:00+00:00,2022-03-28T04:00:00+00:00,5.076076,5.457367,2642.081879904936,1007.4020420708331,951.7416043042101,0.07082342813472754,REBALANCE_EXIT,MEDIUM,144.0,0.09071455982928556,-0.020045011146405223,1,POS-6ed884f20752ae2e77b8
PIT_UNIVERSE,WF01,TRADE-c976f0f780a1e7ead7bd,POS-7372ed909c766738f09a,CAND-ca89d40dcfb627581414,LRC,2022-03-28T08:00:00+00:00,2022-04-04T04:00:00+00:00,1.15,1.16,18240.158330917016,182.40158330917032,98.13205182033371,0.004668923023518189,REBALANCE_EXIT,FULL,164.0,0.1828695652173915,-0.049913043478260755,0,
PIT_UNIVERSE,WF01,TRADE-d066b9ecda2f7a861ff3,POS-42b43bfd1fb410bee7b4,CAND-7a91ad6877025aa7b872,ZEC,2022-03-21T20:00:00+00:00,2022-04-04T04:00:00+00:00,178.519,175.326,112.27907095253289,-358.50707355143885,-437.96584927383685,-0.021806665910165182,REBALANCE_EXIT,FULL,320.0,0.21142287375573465,-0.04264532066614757,0,
PIT_UNIVERSE,WF01,TRADE-c941579497432892cb94,POS-c322d7af0b67bb6364df,CAND-07d12dbb2e1191742df6,AAVE,2022-04-04T20:00:00+00:00,2022-04-18T04:00:00+00:00,236.467,169.297,84.78655595140096,-5695.112963255604,-5763.919627433733,-0.2869146068049467,REBALANCE_EXIT,FULL,320.0,0.02110653917882832,-0.3416586669598719,0,
PIT_UNIVERSE,WF01,TRADE-d268a6e000721d132e18,POS-3d63110720c1772a75df,CAND-3802506415119fb2043e,ETC,2022-03-28T00:00:00+00:00,2022-04-18T04:00:00+00:00,48.0221,36.5298,438.75839479451645,-5042.343100497022,-5116.538812338675,-0.24234940881198824,REBALANCE_EXIT,FULL,508.0,0.09518950649804969,-0.2538851903602717,1,POS-4d3925756be538ccde9c
PIT_UNIVERSE,WF01,TRADE-97f1a796280602da35ee,POS-461358d0db59647194f8,CAND-e6d3824cbd0d6ceaedbb,LRC,2022-04-14T00:00:00+00:00,2022-04-18T04:00:00+00:00,0.9215,0.8729,6404.436090936565,-311.25559401951693,-334.23983426267006,-0.05652157432286808,REBALANCE_EXIT,FOUR_HOUR_ONLY,100.0,0.028106348345089627,-0.07943570265870858,1,POS-7372ed909c766738f09a
PIT_UNIVERSE,WF01,TRADE-4f4cf053757e1d79d844,POS-899f6ad6cdd8334873c1,CAND-6cd7f84c00af912389b8,COMP,2022-04-18T04:00:00+00:00,2022-04-25T04:00:00+00:00,144.1,127.66,120.70263602067405,-1984.3513361798812,-2049.9556329098377,-0.11762401636698842,REBALANCE_EXIT,FULL,168.0,0.040943789035392086,-0.13671061762664805,0,
PIT_UNIVERSE,WF01,TRADE-607e948389968de962ac,POS-960070c3980eaa91d84e,CAND-57087f5b9b0fc633ede2,DOGE,2022-04-19T16:00:00+00:00,2022-04-25T04:00:00+00:00,0.14286,0.1287,81383.71470446032,-1152.3934002151564,-1196.594523345443,-0.10271435289857063,REBALANCE_EXIT,MEDIUM,132.0,0.026669466610667936,-0.12739745205095887,0,
PIT_UNIVERSE,WF01,TRADE-db6336b05ed9ecf11fa8,POS-59ee3f1a16b8c2fee4c3,CAND-2196da7fae190a0f7840,CRV,2022-04-25T12:00:00+00:00,2022-05-02T04:00:00+00:00,2.58,2.101,6336.219231316813,-3035.049011800754,-3094.368696244342,-0.18890977734453576,REBALANCE_EXIT,FULL,160.0,0.07596899224806197,-0.24534883720930234,0,
PIT_UNIVERSE,WF01,TRADE-c297468b80572a75b4c7,POS-05f0f2e33255f368510a,CAND-325ca2665ed41bbb401b,SNX,2022-04-26T00:00:00+00:00,2022-05-02T04:00:00+00:00,6.17196,4.713065,2742.3962753457995,-4000.8682141206104,-4060.570318154702,-0.2394230731791073,REBALANCE_EXIT,FULL,148.0,0.15441448097524924,-0.31343041756589485,2,POS-4774862460ae98b8c7bd
PIT_UNIVERSE,WF01,TRADE-fe6607614cf0d6659676,POS-525b6f42f34cc50c6611,CAND-84e1a97f068d46ee31bd,XMR,2022-04-18T16:00:00+00:00,2022-05-02T04:00:00+00:00,252.69,213.64,68.09457673082987,-2659.0932213389074,-2722.602309272683,-0.15791228102187335,REBALANCE_EXIT,FULL,324.0,0.14563298903795174,-0.17622383157228227,0,
PIT_UNIVERSE,WF01,TRADE-cd4796eda028d8091490,POS-7ddff3c1108ccc8d787c,CAND-02aa5efd877ad606bf60,ICP,2022-08-02T00:00:00+00:00,2022-08-08T04:00:00+00:00,8.35,8.29,1666.3710781515338,-99.98226468909286,-155.4390941699759,-0.011148959565898203,REBALANCE_EXIT,FULL,148.0,0.03952095808383227,-0.10419161676646693,0,
PIT_UNIVERSE,WF01,TRADE-db856fb32e9fa6ea7e79,POS-3c309a921d9942fc90b9,CAND-5f2875107588f84a346c,QNT,2022-08-01T04:00:00+00:00,2022-08-08T04:00:00+00:00,105.155,126.602,134.20405097805502,2878.274281326346,2816.068824841304,0.19914985302088514,REBALANCE_EXIT,FULL,168.0,0.23435880367077178,-0.062365080119823224,0,
PIT_UNIVERSE,WF01,TRADE-cd2ed521f23a74ddabc9,POS-51bbff2fd9e2704ea077,CAND-36bba3c0b6299f53dda9,SNX,2022-08-08T12:00:00+00:00,2022-08-15T04:00:00+00:00,4.238889,3.899168,3473.504384337557,-1180.0223829515405,-1236.5575362905183,-0.08381595765262172,REBALANCE_EXIT,FULL,160.0,0.09508482057444767,-0.12574710024254,3,POS-05f0f2e33255f368510a
PIT_UNIVERSE,WF01,TRADE-525a6748f4d40e23094b,POS-dad68e228af0c3b3c1e2,CAND-adb2e22b897ca82a7c32,ETC,2022-08-02T12:00:00+00:00,2022-08-29T04:00:00+00:00,37.0297,31.2262,374.9102972557905,-2175.79191012398,-2226.9715896409034,-0.16009191241144152,REBALANCE_EXIT,FULL,640.0,0.23464948406279285,-0.1800581695233825,2,POS-3d63110720c1772a75df
PIT_UNIVERSE,WF01,TRADE-d39ec2f204e85b07e45a,POS-52977d50ca3885291eb5,CAND-15144ed6aa919e82cd92,LDO,2022-08-08T12:00:00+00:00,2022-08-29T04:00:00+00:00,2.5979,1.6487,3827.655558988627,-3633.210656592005,-3665.719700785607,-0.3679054762410204,REBALANCE_EXIT,MEDIUM,496.0,0.19327148850995024,-0.40194002848454524,0,
PIT_UNIVERSE,WF01,TRADE-2346c45dc8c0d4207126,POS-d19d925803ad66d2892a,CAND-5504511b25fdf8314c08,SHIB,2022-09-06T00:00:00+00:00,2022-09-12T04:00:00+00:00,1.263e-05,1.284e-05,689366459.0983839,144.76695641066158,109.6506289841899,0.012568686854319975,REBALANCE_EXIT,MEDIUM,148.0,0.102929532858274,-0.07205067300079171,0,
PIT_UNIVERSE,WF01,TRADE-7973feeded4a17aa31f0,POS-8a1fb3f671a96f533131,CAND-a4bc759b3863aa2b0e72,AAVE,2022-10-27T04:00:00+00:00,2022-10-31T04:00:00+00:00,85.013,83.927,103.8028110461492,-112.72985279611788,-147.80274659239078,-0.016715536731461013,REBALANCE_EXIT,MEDIUM,96.0,0.02856033783068468,-0.05205086280921756,1,POS-c322d7af0b67bb6364df
PIT_UNIVERSE,WF01,TRADE-e90ae7099f2cb957ca9e,POS-94e44381df1c55122a04,CAND-bc2633918e9afae53cda,UNI,2022-10-24T12:00:00+00:00,2022-10-31T04:00:00+00:00,6.2041,6.8682,692.6742001361291,460.00493631040297,441.89524641752394,0.1026227874999022,REBALANCE_EXIT,FOUR_HOUR_ONLY,160.0,0.1875533921116681,-0.022227236827259467,0,
PIT_UNIVERSE,WF01,TRADE-51b766a6fda789aa749e,POS-01a31e07df44de3851d5,CAND-77cfceb5421b427c22dd,ETH,2022-10-31T12:00:00+00:00,2022-11-07T04:00:00+00:00,1621.43,1587.45,8.012076058047098,-272.2503444524405,-323.66992569473285,-0.024865165778666366,REBALANCE_EXIT,FULL,160.0,0.03507397790838951,-0.07362636684901602,0,
PIT_UNIVERSE,WF01,TRADE-f748c8ff0c6d0f78c3ba,POS-48aabdbc8afd09f433c2,CAND-a19c96b694941c836258,QNT,2022-10-31T08:00:00+00:00,2022-11-07T04:00:00+00:00,171.452,159.324,51.17657042488946,-620.6694461130587,-654.5254086307853,-0.07444663201418356,REBALANCE_EXIT,MEDIUM,164.0,0.01843081445535777,-0.10178942211231135,1,POS-3c309a921d9942fc90b9
PIT_UNIVERSE,WF01,TRADE-9a54a6bfd747dacaad5e,POS-27c35b3ce13d4cdb5d02,CAND-b0710cd7180c08372907,ALGO,2022-11-07T04:00:00+00:00,2022-11-14T04:00:00+00:00,0.4189,0.2426,29563.901122464045,-5212.115767890411,-5251.228809075431,-0.42317608754798824,REBALANCE_EXIT,FULL,168.0,0.07042253521126773,-0.42874194318453085,0,
PIT_UNIVERSE,WF01,TRADE-29f635d5627ed7e4e1ef,POS-e8c50e35ad87c556488f,CAND-1075b00a97b1c5032d7b,DOGE,2022-10-31T16:00:00+00:00,2022-11-28T04:00:00+00:00,0.12687,0.09516,101518.87474108765,-3219.163518039891,-3264.2439895574184,-0.252935132336415,REBALANCE_EXIT,FULL,660.0,0.2516749428548908,-0.444234255537164,1,POS-960070c3980eaa91d84e
PIT_UNIVERSE,WF01,TRADE-cf32df5763cfe6780d11,POS-11d708910cf7ed911fce,CAND-26eab3e6406a5639dac0,PAXG,2022-12-07T16:00:00+00:00,2022-12-12T04:00:00+00:00,1780.0,1795.12,6.0941388096692535,92.14337880219844,48.56882371974895,0.0044684563457354325,REBALANCE_EXIT,FULL,108.0,0.0393258426966292,-0.0035056179775281304,0,
PIT_UNIVERSE,WF01,TRADE-ec92bc6918c7216bf015,POS-12e64ea6ce14d9dbd2f1,CAND-9baf80fa41c6e43ec544,LTC,2022-11-07T04:00:00+00:00,2022-12-19T04:00:00+00:00,71.52,62.587,174.8061983494082,-1561.543769855262,-1608.4292395393502,-0.12839552996914438,REBALANCE_EXIT,FULL,1008.0,0.1883249440715884,-0.33505313199105136,0,
PIT_UNIVERSE,WF01,TRADE-53bd80f3ac2b48b16e3b,POS-e1d8dbdd7fdf5223a729,CAND-b9523da2ec7591260a1e,QNT,2022-12-13T00:00:00+00:00,2022-12-26T04:00:00+00:00,120.812,106.5,30.432982834359894,-435.5568503253587,-449.3924147134467,-0.12198415472468627,REBALANCE_EXIT,FOUR_HOUR_ONLY,316.0,0.0549614276727477,-0.1722676555309075,2,POS-48aabdbc8afd09f433c2
PIT_UNIVERSE,WF01,TRADE-ce4d071150e0a612be0c,POS-f7738cf740600c67f97d,CAND-3f40d9463ca3bdc81185,DASH,2022-12-05T04:00:00+00:00,2023-01-01T00:00:00+00:00,45.59,41.99,246.27148303178254,-886.5773389144175,-929.7142518822645,-0.08264147292167148,END_OF_FOLD_EXIT,FULL,644.0,0.10221539811362135,-0.1520070190831324,0,
PIT_UNIVERSE,WF02,TRADE-56a4981205d43c37f3c6,POS-24c1c6b09c20e18f915f,CAND-ff299f48e9200e85f049,ETC,2023-01-10T16:00:00+00:00,2023-01-16T04:00:00+00:00,20.1524,22.4828,831.166511184772,1936.9504376649936,1866.0765367896636,0.11118518406706966,REBALANCE_EXIT,MEDIUM,132.0,0.184712490819952,-0.03499831285603705,0,
PIT_UNIVERSE,WF02,TRADE-ebe13cf16eaeccfe8fed,POS-1850eaab8886efc31076,CAND-7f010e0d0848e529e885,MANA,2023-01-17T04:00:00+00:00,2023-01-23T04:00:00+00:00,0.73404,0.72716,35986.38398220725,-247.58632179758575,-352.7529303471882,-0.013327385879975645,REBALANCE_EXIT,FULL,144.0,0.06314369789112306,-0.1638739033295188,0,
PIT_UNIVERSE,WF02,TRADE-48b438e97608e3a5d203,POS-3c6f03b79682cab26fd2,CAND-adea8469e03086f90938,LDO,2023-01-11T20:00:00+00:00,2023-01-30T04:00:00+00:00,1.8311,2.2856,13693.296063216692,6223.603060731988,6110.8606769251,0.24322857752356145,REBALANCE_EXIT,FULL,440.0,0.54797662607176,-0.06143847960242477,0,
PIT_UNIVERSE,WF02,TRADE-68967f6aa1f3962ee1b2,POS-b3b49e166329144ee541,CAND-a87e5a637873a977e29e,PAXG,2023-01-11T08:00:00+00:00,2023-02-06T04:00:00+00:00,1870.0,1863.61,13.344026204811316,-85.26832744874564,-184.9111068058368,-0.007395487100665033,REBALANCE_EXIT,FULL,620.0,0.06417112299465244,-0.015053475935828953,0,
PIT_UNIVERSE,WF02,TRADE-9c84bddc5b0b1a955ba0,POS-be5fee6c863845d6faae,CAND-4d5b5c9d9a61807c074f,FTT,2023-01-23T20:00:00+00:00,2023-02-13T04:00:00+00:00,2.29,1.667,8142.86763978682,-5073.006539587189,-5137.449194088462,-0.27495838018286567,REBALANCE_EXIT,MEDIUM,488.0,0.02183406113537112,-0.3187772925764192,0,
PIT_UNIVERSE,WF02,TRADE-28bf2ee314cd78b8c9da,POS-77ad5caf8c40ada4070a,CAND-c32c7fb2e1484bf17466,MANA,2023-01-31T00:00:00+00:00,2023-02-13T04:00:00+00:00,0.75224,0.64725,34793.842172147335,-3653.0054896537495,-3750.3927580167465,-0.1430046691685225,REBALANCE_EXIT,FULL,316.0,0.12854939912793784,-0.15367435924704886,1,POS-1850eaab8886efc31076
PIT_UNIVERSE,WF02,TRADE-72b430b4e456d19ffc3b,POS-3513dab333a9200764eb,CAND-87f5c5241c4733f71e7c,SHIB,2023-02-15T08:00:00+00:00,2023-02-20T04:00:00+00:00,1.288e-05,1.3428e-05,1312124391.711253,719.044166657765,650.0054296634858,0.038384721240748224,REBALANCE_EXIT,MEDIUM,116.0,0.08695652173913038,-0.025698757763975233,0,
PIT_UNIVERSE,WF02,TRADE-4a5cc5b07f193c14a679,POS-2b6cc01874bde41af40f,CAND-50fa7122ababd6687ade,LRC,2023-02-14T20:00:00+00:00,2023-02-27T04:00:00+00:00,0.4077,0.3712,61322.392463949625,-2238.2673249341633,-2333.795347914504,-0.09316123700599789,REBALANCE_EXIT,FULL,296.0,0.21265636497424567,-0.14937454010301698,0,
PIT_UNIVERSE,WF02,TRADE-d27a69cc94ac1a19ec55,POS-48249545784aff811154,CAND-856a36a52973628a2e6f,DASH,2023-02-13T12:00:00+00:00,2023-03-06T04:00:00+00:00,64.12,63.83,384.2460668451986,-111.43135938510999,-209.7599278907963,-0.008496730805388696,REBALANCE_EXIT,FULL,496.0,0.21350592638802235,-0.05614472863381159,0,
PIT_UNIVERSE,WF02,TRADE-91ce7d95b4b61f1bac4f,POS-726227a8a5aee09389af,CAND-29d8ca39cf43617942bc,LDO,2023-02-20T04:00:00+00:00,2023-03-13T04:00:00+00:00,3.0222,2.4963,8732.89499237995,-4592.629476492616,-4689.0144385235135,-0.17730966496627548,REBALANCE_EXIT,FULL,504.0,0.09129111243465005,-0.3409105949308451,1,POS-3c6f03b79682cab26fd2
PIT_UNIVERSE,WF02,TRADE-bef0327a80c2b9b53e77,POS-e7f9c7008e58d5d64f75,CAND-91bf580fac42688d8105,PAXG,2023-03-15T04:00:00+00:00,2023-03-20T04:00:00+00:00,1908.69,1965.03,11.61894613606632,654.6114253059756,564.5943372535698,0.02540777646567822,REBALANCE_EXIT,FULL,120.0,0.04259989835960787,-0.008539888614704338,1,POS-b3b49e166329144ee541
PIT_UNIVERSE,WF02,TRADE-1c99cd868ab7f67ef49f,POS-9ea6fde92119ee09afdb,CAND-38b6637020cdd79835c2,NEO,2023-02-27T04:00:00+00:00,2023-03-27T04:00:00+00:00,13.1441,12.7781,1916.7746616648064,-701.5395261693185,-800.9135584385334,-0.03172605041360889,REBALANCE_EXIT,FULL,672.0,0.0529362984152586,-0.30865559452530034,0,
PIT_UNIVERSE,WF02,TRADE-77e53988319995c817fb,POS-4117e8c701cdf688c6c2,CAND-eac7ceae5c00cf28f9a6,SNX,2023-03-06T12:00:00+00:00,2023-03-27T04:00:00+00:00,3.216063,2.43207,7043.936004767491,-5522.396520185681,-5601.966694982511,-0.24679300818281522,REBALANCE_EXIT,FULL,496.0,0.05299523050388011,-0.3816815777551622,0,
PIT_UNIVERSE,WF02,TRADE-14bd9df4de5451286c59,POS-0a3a7909aec80c019378,CAND-0a7fcde443d510ed5421,BTC,2023-03-22T16:00:00+00:00,2023-04-03T04:00:00+00:00,28596.2,27754.0,0.7379017362814652,-621.4608422962505,-704.6226631358661,-0.03332591082653098,REBALANCE_EXIT,FULL,276.0,0.020593645309516573,-0.07295374909953078,0,
PIT_UNIVERSE,WF02,TRADE-9bcec570b08e26714013,POS-195795a25dee33b66782,CAND-93f48a4b01e3752ca415,PAXG,2023-03-28T12:00:00+00:00,2023-04-03T04:00:00+00:00,1984.23,1975.69,10.915490727335976,-93.21829081144884,-179.6672308934334,-0.008278771124287041,REBALANCE_EXIT,FULL,136.0,0.00592673228405971,-0.009691416821638654,2,POS-e7f9c7008e58d5d64f75
PIT_UNIVERSE,WF02,TRADE-fc0f140f90ab396e1aa4,POS-8d6ace8b9d79787c68ae,CAND-e3e3841d4c0f8a8a1e2a,LRC,2023-04-04T20:00:00+00:00,2023-04-10T04:00:00+00:00,0.3595,0.3533,60306.657583546206,-373.9012770179855,-459.87444806908894,-0.021169344204497776,REBALANCE_EXIT,FULL,128.0,0.033936022253129305,-0.04784422809457578,1,POS-2b6cc01874bde41af40f
PIT_UNIVERSE,WF02,TRADE-cf2bfe8b8cde39bf3a77,POS-f067bec25f4c8bbc80a0,CAND-7682066df2834c35cdda,XLM,2023-04-03T08:00:00+00:00,2023-04-10T04:00:00+00:00,0.10818,0.103748,202826.22123035675,-898.9258124929394,-984.8949233187535,-0.0447972238182167,REBALANCE_EXIT,FULL,164.0,0.020974302089110886,-0.050998336106489184,0,
PIT_UNIVERSE,WF02,TRADE-17e20dbad16e0a1b0294,POS-d1a8d74412857aea56b9,CAND-ac7da6670b32dd0c42cb,BTC,2023-04-10T16:00:00+00:00,2023-04-17T04:00:00+00:00,28440.0,29979.0,0.757865351028608,1166.3547752330276,1077.807303349547,0.04990588443366431,REBALANCE_EXIT,FULL,156.0,0.09071729957805896,-0.0023206751054852814,1,POS-0a3a7909aec80c019378
PIT_UNIVERSE,WF02,TRADE-e587224fb4a2fda410ec,POS-331bd63c4048a561a9ba,CAND-4637050acc3fa208a3a8,NEO,2023-04-10T20:00:00+00:00,2023-04-17T04:00:00+00:00,12.3344,13.3492,1185.6253894192155,1203.172645182619,1142.2703886792442,0.0779535105428007,REBALANCE_EXIT,MEDIUM,152.0,0.15155175768582163,-0.031772927746789414,1,POS-9ea6fde92119ee09afdb
PIT_UNIVERSE,WF02,TRADE-1a7d6bff9692d5599323,POS-c70b46fd1f35e0f80bc6,CAND-741d3306fac923293676,XRP,2023-03-27T08:00:00+00:00,2023-04-24T04:00:00+00:00,0.45998,0.47149,46506.81662237806,535.2934593235724,448.6540503650794,0.02093091958610719,REBALANCE_EXIT,FULL,668.0,0.2717944258446019,-0.04304534979781727,0,
PIT_UNIVERSE,WF02,TRADE-6ca5b71504bf28da5957,POS-4fddecfa42a959710da0,CAND-26530a757e7e8f1cb732,ADA,2023-04-17T12:00:00+00:00,2023-05-01T04:00:00+00:00,0.442657,0.390587,49818.339613171665,-2594.040943657849,-2677.062608803124,-0.1211530135995097,REBALANCE_EXIT,FULL,328.0,0.012038666507024454,-0.15012978446065461,0,
PIT_UNIVERSE,WF02,TRADE-4b31eb8e1c001c1d3dbe,POS-88e2ddfbfeb85dfb6b33,CAND-e805ea145c5f05b05a4b,CRO,2023-05-03T00:00:00+00:00,2023-05-15T04:00:00+00:00,0.07324,0.06411,268047.1209606665,-2447.270214370885,-2520.90275849878,-0.12815303309274403,REBALANCE_EXIT,FULL,292.0,0.004642271982523205,-0.16589295466957943,0,
PIT_UNIVERSE,WF02,TRADE-99808dce9b032e156954,POS-09574055f81342bd2e51,CAND-c9ebe7ad1b5062d3228f,FTT,2023-04-18T08:00:00+00:00,2023-05-15T04:00:00+00:00,1.863,1.102,11938.498804212539,-9085.19759000574,-9155.992887914721,-0.4108422982269491,REBALANCE_EXIT,FULL,644.0,0.25067096081588836,-0.4514224369296833,1,POS-be5fee6c863845d6faae
PIT_UNIVERSE,WF02,TRADE-1f41d7cb59c865dbfbe3,POS-c8df18e511f91381045a,CAND-a848e5296356e694907d,ICP,2023-04-26T16:00:00+00:00,2023-05-15T04:00:00+00:00,5.7,5.29,2347.254603153608,-962.3743872929797,-1013.9670434702961,-0.07563469552123826,REBALANCE_EXIT,MEDIUM,444.0,0.19649122807017538,-0.136842105263158,0,
PIT_UNIVERSE,WF02,TRADE-b62da9010a2b07db77a4,POS-859893ad84c8f92c10db,CAND-4f2a6a8b55b7bdc310f6,SNX,2023-05-30T04:00:00+00:00,2023-06-05T04:00:00+00:00,2.452446,2.322597,4847.327535171302,-629.4206331144588,-675.7130279455129,-0.05672738331909341,REBALANCE_EXIT,MEDIUM,144.0,0.0075712166547192705,-0.06489969605854728,1,POS-4117e8c701cdf688c6c2
PIT_UNIVERSE,WF02,TRADE-622db6d92f204d6b8241,POS-7c7f3ebd28fb40b0dff4,CAND-9cc934edd1a1ed9f4619,LDO,2023-05-30T00:00:00+00:00,2023-06-12T04:00:00+00:00,2.1824,1.8137,8120.794212725888,-2994.1368262320334,-3059.0398377389815,-0.1722600436955999,REBALANCE_EXIT,FULL,316.0,0.12202162756598245,-0.25045821114369504,2,POS-726227a8a5aee09389af
PIT_UNIVERSE,WF02,TRADE-1d5caaf5ecb0ecd715b2,POS-737c69f57d89d7a5cbd5,CAND-78cc8579ef9bc8f1e5c8,LTC,2023-05-23T04:00:00+00:00,2023-06-12T04:00:00+00:00,92.746,76.153,128.41135977638407,-2130.7296927695397,-2174.1067932792826,-0.1821857976841692,REBALANCE_EXIT,MEDIUM,480.0,0.05191598559506616,-0.2114053436266793,0,
PIT_UNIVERSE,WF02,TRADE-78e1108d3cbff135c91f,POS-75d1d3fdcbc3d6dd7361,CAND-777c5ce5991ab34fe9b6,XRP,2023-06-06T20:00:00+00:00,2023-06-26T04:00:00+00:00,0.52829,0.48437,34048.678213337866,-1495.4179471297996,-1564.377416088837,-0.08679629138248142,REBALANCE_EXIT,FULL,464.0,0.07092695299929952,-0.13744344962047372,1,POS-c70b46fd1f35e0f80bc6
PIT_UNIVERSE,WF02,TRADE-31bb5b29cf627f1042b5,POS-b471d04dfac106d27ecc,CAND-20f71a712400a28819f3,BTC,2023-06-26T08:00:00+00:00,2023-07-03T04:00:00+00:00,30404.6,30759.5,0.5231863856691169,185.67884827397035,121.67839945056147,0.007633962782945369,REBALANCE_EXIT,FULL,164.0,0.02887063141761459,-0.029752076988350362,2,POS-d1a8d74412857aea56b9
PIT_UNIVERSE,WF02,TRADE-0de4e705dd276d6df5ec,POS-8c8ba684b76c51c5f63b,CAND-13a6d281779b861427c0,BCH,2023-06-26T16:00:00+00:00,2023-07-24T04:00:00+00:00,222.53,247.58,71.35534805073027,1787.4514686707942,1720.3617433265365,0.10812769822777493,REBALANCE_EXIT,FULL,660.0,0.4821372399227071,-0.045521952096346574,0,
PIT_UNIVERSE,WF02,TRADE-3ee936a428bf916621cf,POS-0a1a02a084c69b034718,CAND-bdeec3504a82f9e59a48,FTT,2023-06-26T20:00:00+00:00,2023-07-24T04:00:00+00:00,1.262,1.389,12592.407396611157,1599.235739369617,1532.4707953527848,0.09624016626018961,REBALANCE_EXIT,FULL,656.0,0.9667194928684628,-0.0689381933438985,2,POS-09574055f81342bd2e51
PIT_UNIVERSE,WF02,TRADE-1891957e1bff156ad6cf,POS-c1cb6403c008a6de8a5c,CAND-3ac6e4482e2fdb60f5a3,COMP,2023-07-06T04:00:00+00:00,2023-07-31T04:00:00+00:00,60.51,75.9,298.4405392617683,4592.999899238617,4511.579351317221,0.24933078810153625,REBALANCE_EXIT,FULL,600.0,0.41728639894232367,-0.14361262601222935,0,
PIT_UNIVERSE,WF02,TRADE-7496c2a54a358301fa85,POS-84ce857a90d103781c0f,CAND-fab04debe2afba2246d6,SNX,2023-08-05T00:00:00+00:00,2023-08-14T04:00:00+00:00,2.498571,2.512799,4488.457536115416,63.86177382384872,18.875130938323302,0.0016797066272940637,REBALANCE_EXIT,MEDIUM,220.0,0.06346267526518168,-0.02438433808765106,2,POS-859893ad84c8f92c10db
PIT_UNIVERSE,WF02,TRADE-edfcba92268acc8e409a,POS-6cebef58fe922567494b,CAND-02318426cd23f5b86d4e,XLM,2023-07-27T00:00:00+00:00,2023-08-14T04:00:00+00:00,0.155723,0.13758,112479.07050190703,-2040.7077761160983,-2106.68867374694,-0.12003507225577609,REBALANCE_EXIT,FULL,436.0,0.10645184076854419,-0.14354976464619873,1,POS-f067bec25f4c8bbc80a0
PIT_UNIVERSE,WF02,TRADE-78ecbb3359fa1da5692b,POS-774836f28859693a71d8,CAND-b06f9071e6990b157b71,XRP,2023-07-27T12:00:00+00:00,2023-08-14T04:00:00+00:00,0.71624,0.63004,24607.23204470839,-2121.143402253862,-2187.399850968162,-0.12386229439925013,REBALANCE_EXIT,FULL,424.0,0.027030045794705693,-0.16614542611415173,2,POS-75d1d3fdcbc3d6dd7361
PIT_UNIVERSE,WF02,TRADE-490b141a17048d07b42b,POS-08b853be242cbea60479,CAND-46e8f502fccabad4af0c,LINK,2023-08-14T12:00:00+00:00,2023-08-21T04:00:00+00:00,7.5323,6.208,2230.069275430907,-2953.2807414531503,-3014.564383183557,-0.1791063068557732,REBALANCE_EXIT,FULL,160.0,0.013528404338648103,-0.2830875031530874,0,
PIT_UNIVERSE,WF02,TRADE-df1a99f363e25b774208,POS-fcc07e64b476ad4430c3,CAND-55f7908387506bbb12c4,SHIB,2023-08-14T08:00:00+00:00,2023-08-28T04:00:00+00:00,1.0412e-05,7.967e-06,1614482520.7100282,-3947.4097631360182,-4006.7549116322775,-0.23787979170356943,REBALANCE_EXIT,FULL,332.0,0.023434498655397595,-0.33019592777564355,1,POS-3513dab333a9200764eb
PIT_UNIVERSE,WF02,TRADE-e7ad1180e7b72b17549b,POS-8847a2a5113e97946faf,CAND-6ce8754d8d69dfa15a5e,AAVE,2023-09-18T12:00:00+00:00,2023-09-25T04:00:00+00:00,61.759,62.028,244.85285131291388,65.86541700317343,5.246217192230091,0.0003462367190681924,REBALANCE_EXIT,FULL,160.0,0.06964167165919144,-0.021842970255347427,0,
PIT_UNIVERSE,WF02,TRADE-d8faf8cc7204fb2c69ef,POS-7d2c2543f320316fc78e,CAND-c9ebe6d5fa7fb3f16aca,BCH,2023-09-18T04:00:00+00:00,2023-09-25T04:00:00+00:00,215.0,205.48,46.914528659964326,-446.62631284286084,-486.07955486474447,-0.04809432298194314,REBALANCE_EXIT,MEDIUM,168.0,0.050000000000000044,-0.06130232558139537,1,POS-8c8ba684b76c51c5f63b
PIT_UNIVERSE,WF02,TRADE-cb87a33bcacb5eea8bff,POS-e7e4eec586cf4c86d85c,CAND-5e18b0c7f4f7e5a8f8e9,PAXG,2023-09-19T04:00:00+00:00,2023-09-25T04:00:00+00:00,1920.15,1911.99,7.854548341382819,-64.09311446568445,-124.29257222757798,-0.008224719220258065,REBALANCE_EXIT,FULL,144.0,0.008488920136447753,-0.007369215946670837,3,POS-195795a25dee33b66782
PIT_UNIVERSE,WF02,TRADE-260fcb53854e5c398a55,POS-292d4a3c3c2ecdbb00f0,CAND-2fd5f9dcae1d72ea8169,CRV,2023-09-27T12:00:00+00:00,2023-10-09T04:00:00+00:00,0.5317,0.4716,28434.869577117966,-1708.9356615847878,-1765.9930708782326,-0.11657444937095891,REBALANCE_EXIT,FULL,280.0,0.026142561594884484,-0.13240549181869465,0,
PIT_UNIVERSE,WF02,TRADE-a1f0dd2008712ab1de7c,POS-400e6710ab9616ba3298,CAND-b420c8cf018b0731f94d,BCH,2023-10-14T00:00:00+00:00,2023-10-16T04:00:00+00:00,217.43,217.62,21.585466416951622,4.1012386192207595,-14.680275710168846,-0.003121659913397701,REBALANCE_EXIT,FOUR_HOUR_ONLY,52.0,0.004001287770776907,-0.0215241686979718,2,POS-7d2c2543f320316fc78e
PIT_UNIVERSE,WF02,TRADE-056a3a0ea7bbd8847be9,POS-6966e43e86c1d8e6a46e,CAND-7087c96e8025e94a13be,ICP,2023-10-17T20:00:00+00:00,2023-10-23T04:00:00+00:00,3.141,3.334,4499.2584020402965,868.3568715937774,810.0914752873556,0.05720809257003346,REBALANCE_EXIT,FULL,128.0,0.06367398917542189,-0.05889843998726518,1,POS-c8df18e511f91381045a
PIT_UNIVERSE,WF02,TRADE-0f2cb02ddb981e6696f4,POS-8c7d2bb83d099f26bd63,CAND-9a6bfcf98e2f250cca2d,AAVE,2023-10-05T08:00:00+00:00,2023-10-30T04:00:00+00:00,70.095,84.103,210.69709361812008,2951.444887402625,2886.4667465191715,0.19505327742403764,REBALANCE_EXIT,FULL,596.0,0.29632641415222194,-0.1284970397317925,1,POS-8847a2a5113e97946faf
PIT_UNIVERSE,WF02,TRADE-686041760a9fbae91b0b,POS-5d2cc55ef9ac8b7816a1,CAND-d81d1d3fffbbc5a62334,BCH,2023-10-23T04:00:00+00:00,2023-10-30T04:00:00+00:00,248.51,243.87,68.77096734300721,-319.09728847155253,-386.82018627225233,-0.022588760750600474,REBALANCE_EXIT,FULL,168.0,0.08619371453865043,-0.063941088889783,3,POS-400e6710ab9616ba3298
PIT_UNIVERSE,WF02,TRADE-9f760e706a3754996e79,POS-d58a7d121b3ab1fa8c5e,CAND-3667bb43901ad1b0abff,BTC,2023-10-31T12:00:00+00:00,2023-11-06T04:00:00+00:00,34488.8,34977.4,0.5026702040062082,245.6046616774326,175.76748382636046,0.010118347425211697,REBALANCE_EXIT,FULL,136.0,0.04312124515784821,-0.011273224930992143,3,POS-b471d04dfac106d27ecc
PIT_UNIVERSE,WF02,TRADE-a89cba99524ca9ade3b6,POS-470583d48d799cbc5729,CAND-f2e46e3f31425ad8905c,ICP,2023-10-31T20:00:00+00:00,2023-11-06T04:00:00+00:00,3.904,4.086,4474.881480430753,814.4284294383988,742.9198233811153,0.0424407332875234,REBALANCE_EXIT,FULL,128.0,0.078125,-0.034067622950819665,2,POS-6966e43e86c1d8e6a46e
PIT_UNIVERSE,WF02,TRADE-509438dfbe90eb937c7e,POS-0d12da2153d7d638c3b8,CAND-b906f36751a093d2c912,CRO,2023-11-09T16:00:00+00:00,2023-11-13T04:00:00+00:00,0.08428,0.09839,227355.35488657592,3207.984057449589,3124.922052095327,0.16275777822617712,REBALANCE_EXIT,FULL,84.0,0.45479354532510685,-0.06620787850023713,1,POS-88e2ddfbfeb85dfb6b33
PIT_UNIVERSE,WF02,TRADE-259c87811276e8317618,POS-b7a76b9e3dfe62207742,CAND-d024678f3720837843c7,NEO,2023-11-08T16:00:00+00:00,2023-11-13T04:00:00+00:00,12.4953,12.2899,1545.345241421447,-317.41391258796665,-394.01729434332435,-0.02036457524396446,REBALANCE_EXIT,FULL,108.0,0.20990292349923578,-0.14997639112306227,2,POS-331bd63c4048a561a9ba
PIT_UNIVERSE,WF02,TRADE-8160fda21e39dfb05796,POS-055eb0743c092f61daa8,CAND-2650769d1619519374c6,LINK,2023-09-25T04:00:00+00:00,2023-11-20T04:00:00+00:00,7.1628,14.865,2080.664084499613,16025.69091163292,15934.02600699184,1.0670210926781052,REBALANCE_EXIT,FULL,1344.0,1.3201401686491319,-0.008767521081141427,1,POS-08b853be242cbea60479
PIT_UNIVERSE,WF02,TRADE-36ccb6576848d552b3ce,POS-7c848022644e04c975f9,CAND-d16a62e948240ded3d6d,CRO,2023-11-20T08:00:00+00:00,2023-12-04T04:00:00+00:00,0.09837,0.09348,219646.80130474252,-1074.0728583801922,-1158.351336040822,-0.05350384927004795,REBALANCE_EXIT,FULL,332.0,0.027752363525465062,-0.15116397275592142,2,POS-0d12da2153d7d638c3b8
PIT_UNIVERSE,WF02,TRADE-3db22d0ba9d4e5bb9d38,POS-7464d754ac7f13571766,CAND-78b419c61758453258b8,SNX,2023-12-05T20:00:00+00:00,2023-12-11T04:00:00+00:00,3.67571,4.476,6412.795130475092,5132.095814967911,5027.545322581821,0.21286274938092126,REBALANCE_EXIT,FULL,128.0,0.27212021623033356,-0.013153921283235115,3,POS-84ce857a90d103781c0f
PIT_UNIVERSE,WF02,TRADE-b7bdacd048a05035ae27,POS-c18e7d442d549c2f1db5,CAND-4694a291eede2385eeb1,FTT,2023-11-13T20:00:00+00:00,2023-12-18T04:00:00+00:00,3.466,3.883,5750.928902236758,2398.137352232727,2313.6101992276513,0.11583929659434732,REBALANCE_EXIT,FULL,824.0,0.742931332948644,-0.20225043277553378,3,POS-0a1a02a084c69b034718
PIT_UNIVERSE,WF02,TRADE-059ea2e299486eae4b7d,POS-f041b55e55084b15ee2c,CAND-5b4dcfcf6db2373a40da,ADA,2023-12-12T04:00:00+00:00,2023-12-25T04:00:00+00:00,0.562176,0.604153,54214.030385488644,2275.7423534916593,2149.2795618007062,0.07037869204100913,REBALANCE_EXIT,FULL,312.0,0.210297131147541,-0.03517759562841538,1,POS-4fddecfa42a959710da0
PIT_UNIVERSE,WF02,TRADE-a0517335565d3ecb662c,POS-6f401ca7ca6cda794a74,CAND-811c4a12de6ee307750f,ALGO,2023-12-25T04:00:00+00:00,2024-01-01T00:00:00+00:00,0.2333,0.2227,131282.10027233668,-1391.5902628867686,-1511.31953833514,-0.049245700626180125,END_OF_FOLD_EXIT,FULL,164.0,0.042863266180882986,-0.07072438919845703,0,
PIT_UNIVERSE,WF02,TRADE-025094843ac4c9668362,POS-70aa69d1abe658220ed0,CAND-3e2efebffe5d566a61b8,AVAX,2023-11-14T04:00:00+00:00,2024-01-01T00:00:00+00:00,16.717,38.55,1198.5136569502943,26167.148672195774,26034.67216363843,1.2968300403440294,END_OF_FOLD_EXIT,FULL,1148.0,1.9893521564874082,-0.030687324280672224,0,
PIT_UNIVERSE,WF02,TRADE-b2bf7fd9e530920cd8bb,POS-e455b4c81d7e792f65db,CAND-90f0b6aecec9614b6e46,ICP,2023-12-19T04:00:00+00:00,2024-01-01T00:00:00+00:00,10.514,13.289,2810.2739882148057,7798.510317296087,7664.724413813133,0.2588881586266311,END_OF_FOLD_EXIT,FULL,308.0,0.4552025870268215,-0.1880350009511127,3,POS-470583d48d799cbc5729
PIT_UNIVERSE,WF03,TRADE-9f25c03ba518fa722b35,POS-0a0b3ff2cf56733be019,CAND-86f7ba3bed88e55a410a,ADA,2024-01-01T20:00:00+00:00,2024-01-08T04:00:00+00:00,0.618367,0.474123,40561.33078787819,-5850.728598166701,-5939.354294711598,-0.23632681981222528,REBALANCE_EXIT,FULL,152.0,0.03049483559116184,-0.2493438362655187,0,
PIT_UNIVERSE,WF03,TRADE-77bf388627f07e16c8a1,POS-97249464c916e782d0fd,CAND-d1cb128b4c7ebfbcf05e,AVAX,2024-01-01T20:00:00+00:00,2024-01-08T04:00:00+00:00,41.056,31.906,407.9793452844895,-3733.0110093530784,-3792.5449873343723,-0.22596865894088672,REBALANCE_EXIT,MEDIUM,152.0,0.057701675759937565,-0.2590607950116912,0,
PIT_UNIVERSE,WF03,TRADE-cff9416386029ded3d3b,POS-6cdf8f651cfa4c117490,CAND-16b492d084dcfd79cc11,ICP,2024-01-02T20:00:00+00:00,2024-01-15T04:00:00+00:00,14.55,12.851,1704.2683806991452,-2895.5519788078473,-2988.949294606922,-0.12029562867392361,REBALANCE_EXIT,FULL,296.0,0.12013745704467338,-0.2907903780068728,0,
PIT_UNIVERSE,WF03,TRADE-e222cd510f26b52e6002,POS-9612347ad2d9f3ec5317,CAND-cab66898a08f0e739db7,1INCH,2024-01-09T08:00:00+00:00,2024-01-22T04:00:00+00:00,0.44445,0.4056,32986.86334730245,-1281.5396410427002,-1337.620607419449,-0.09105447559151017,REBALANCE_EXIT,MEDIUM,308.0,0.18321520980987738,-0.11247609404882442,0,
PIT_UNIVERSE,WF03,TRADE-a75b4c59df2d304ed81d,POS-97a91b1b8d4541ddb4b9,CAND-a05d40464a5bc98f9461,LDO,2024-01-09T08:00:00+00:00,2024-02-05T04:00:00+00:00,3.2278,2.6741,6784.337102809886,-3756.4874538258314,-3836.568412119979,-0.17484820927572936,REBALANCE_EXIT,FULL,644.0,0.25159551397236535,-0.20896585909907672,0,
PIT_UNIVERSE,WF03,TRADE-adec4dd9a8fb940cf87b,POS-c4c3f0724cbd51ccd0c6,CAND-d799f2c29382fc12b2bb,ETC,2024-01-15T12:00:00+00:00,2024-02-12T04:00:00+00:00,27.6797,25.7641,793.5508375030477,-1520.125984320839,-1604.9467288195299,-0.07292169707774275,REBALANCE_EXIT,FULL,664.0,0.007467566483740695,-0.2149662026683815,0,
PIT_UNIVERSE,WF03,TRADE-2f37ebb0996fe92fa495,POS-8ebc8dbdae4e7da8fea6,CAND-3b5101eae6e774af9cb3,BTC,2024-02-14T08:00:00+00:00,2024-02-19T04:00:00+00:00,49832.2,52067.9,0.3869263446269994,865.0512286825842,786.1955622623328,0.040693449451889574,REBALANCE_EXIT,FULL,116.0,0.05974851601976239,-0.0019124180750598185,0,
PIT_UNIVERSE,WF03,TRADE-a9dcc567e7d0b43f95ca,POS-777f4022a058f66c8894,CAND-b5a19551fe0a4f027307,UMA,2024-01-23T00:00:00+00:00,2024-02-19T04:00:00+00:00,5.626,4.198,3536.8137989028323,-5050.570104833244,-5120.061422354086,-0.2568002991528496,REBALANCE_EXIT,FULL,652.0,0.24422324920014216,-0.3007465339495201,0,
PIT_UNIVERSE,WF03,TRADE-caaeae9c71b6f0774e1a,POS-a9ba8d9c5582bf9e034c,CAND-6644de3eb56509f8e7bd,LPT,2024-02-22T00:00:00+00:00,2024-02-26T04:00:00+00:00,15.5713,14.3341,1192.8588937958436,-1475.8050234042194,-1547.1508681292637,-0.0831287019123532,REBALANCE_EXIT,FULL,100.0,0.11593123245971748,-0.14447091764977882,0,
PIT_UNIVERSE,WF03,TRADE-c4d6530f4a59ad917964,POS-8b73c8a412c0c6441a9c,CAND-7f5b462b0455ce4ae940,MATIC,2024-02-20T20:00:00+00:00,2024-02-26T04:00:00+00:00,1.0018,0.9873,19139.082024345793,-277.5166893530153,-353.6557854622677,-0.018408182636523787,REBALANCE_EXIT,FULL,128.0,0.05140746656019157,-0.08774206428428821,0,
PIT_UNIVERSE,WF03,TRADE-a587b9d18c381bbcdad7,POS-9001f130e95507056c1b,CAND-88a663b917a871c31305,ETH,2024-02-26T16:00:00+00:00,2024-03-04T04:00:00+00:00,3145.78,3471.96,5.938015551483687,1936.8619125829482,1858.2694265115967,0.099282174926257,REBALANCE_EXIT,FULL,156.0,0.12175676620742704,-0.005715593588871415,0,
PIT_UNIVERSE,WF03,TRADE-dadd03267b85715af6c6,POS-c6ccf7179d2d33451e40,CAND-3f142d76b53bab61a760,LINK,2024-02-05T08:00:00+00:00,2024-03-04T04:00:00+00:00,18.7125,20.2481,996.7993072394684,1530.6850161969298,1453.0132180176618,0.07774318030605469,REBALANCE_EXIT,FULL,668.0,0.1594549098196394,-0.06013627254509013,0,
PIT_UNIVERSE,WF03,TRADE-c3e127954f9b6ccedf73,POS-8b6df7076a6b6be2f90b,CAND-6eafb5ea6e03a45489b2,BCH,2024-03-07T16:00:00+00:00,2024-03-11T04:00:00+00:00,429.2,416.51,51.12465888035191,-648.7719211916656,-735.2451917150704,-0.03344062108774064,REBALANCE_EXIT,FULL,84.0,0.06747437092264685,-0.0664958061509785,0,
PIT_UNIVERSE,WF03,TRADE-238cbd3a8f8e8fa6127a,POS-a370db88dec3aa8b0611,CAND-aa4ab14ca16f0cd92a26,UNI,2024-02-27T12:00:00+00:00,2024-03-18T04:00:00+00:00,10.9503,12.3344,1708.0539381316917,2364.1174557680747,2284.5744087016446,0.12190176326160133,REBALANCE_EXIT,FULL,472.0,0.5543135804498505,-0.11569546039834522,0,
PIT_UNIVERSE,WF03,TRADE-814638b340037528a4ff,POS-abcf9ae4c0367e00462c,CAND-9e8db32e070319885288,SHIB,2024-03-04T08:00:00+00:00,2024-04-01T04:00:00+00:00,2.6612e-05,3.0197e-05,756734826.0953352,2712.894351551777,2626.9156540804775,0.13018386794725598,REBALANCE_EXIT,FULL,668.0,0.7144897038929807,-0.1105140538103111,0,
PIT_UNIVERSE,WF03,TRADE-79992c33b0be4b5a88fa,POS-8359a435fb217c6f83af,CAND-8f6d473ef180703c50a5,DOGE,2024-03-21T00:00:00+00:00,2024-04-08T04:00:00+00:00,0.1521,0.19852,93017.63512552637,4317.878622526933,4252.650936071509,0.2999835962525966,REBALANCE_EXIT,MEDIUM,436.0,0.5055226824457593,-0.045430637738330004,0,
PIT_UNIVERSE,WF03,TRADE-9c15f4584d4aa868f71e,POS-6d8a289c00016aa1eb97,CAND-1ec43ca42d4673eacc8f,ZRX,2024-03-12T08:00:00+00:00,2024-04-08T04:00:00+00:00,0.984,0.6841,22010.193748003032,-6600.857105026108,-6674.287513408196,-0.3075517663859273,REBALANCE_EXIT,FULL,644.0,0.524390243902439,-0.3719512195121951,0,
PIT_UNIVERSE,WF03,TRADE-ae306bf61bf85ff2a395,POS-ccc1342965766fb5053f,CAND-39355a4b57dfb86447c2,AVAX,2024-04-08T12:00:00+00:00,2024-04-15T04:00:00+00:00,50.421,35.882,268.26982274340776,-3900.3749528664057,-3946.6799338908545,-0.2911929854022346,REBALANCE_EXIT,MEDIUM,160.0,0.003827770175125478,-0.4284127645227187,1,POS-97249464c916e782d0fd
PIT_UNIVERSE,WF03,TRADE-e1db5f97f69c75ba2950,POS-7d627cfdd771499bc489,CAND-ff0ea55eaf315614896a,ICP,2024-04-08T12:00:00+00:00,2024-04-15T04:00:00+00:00,17.906,12.752,1130.4627949443195,-5826.405245143021,-5895.720701877826,-0.2906794475385205,REBALANCE_EXIT,FULL,160.0,0.01239807885624944,-0.4295766782084217,1,POS-6cdf8f651cfa4c117490
PIT_UNIVERSE,WF03,TRADE-cc9feb4248ad1678f05b,POS-27c926c9ddc63cad1fd5,CAND-a806b6f217c61f60b161,BCH,2024-04-02T16:00:00+00:00,2024-04-29T04:00:00+00:00,627.3,459.12,30.98364213249934,-5210.828933843738,-5278.151430814918,-0.271023137846736,REBALANCE_EXIT,FULL,636.0,0.14616610871991087,-0.29537701259365534,1,POS-8b6df7076a6b6be2f90b
PIT_UNIVERSE,WF03,TRADE-50682742ccb9f4836905,POS-5be8f8a7435b2d850ad9,CAND-1687bd826819978daa0f,PAXG,2024-04-15T20:00:00+00:00,2024-05-06T04:00:00+00:00,2416.5,2295.32,6.636331813849259,-804.1906892022522,-866.7290911365146,-0.053938735399054916,REBALANCE_EXIT,FULL,488.0,0.03134285123111935,-0.06762673287812959,0,
PIT_UNIVERSE,WF03,TRADE-a2f432753df0822fe09d,POS-69381b0c012f8b6a2320,CAND-2eebde2bc6a77dbb91f7,NEO,2024-04-15T08:00:00+00:00,2024-05-13T04:00:00+00:00,22.3965,14.5357,745.4439342029358,-5859.785677982437,-5914.847446915976,-0.35357429716727995,REBALANCE_EXIT,FULL,668.0,0.03508137432188074,-0.3605786618444846,0,
PIT_UNIVERSE,WF03,TRADE-cd4e8c3fa64a31e68c61,POS-388032a6e5de2e88b432,CAND-6a72e731f1b3fa1fed43,FTT,2024-05-16T00:00:00+00:00,2024-05-20T04:00:00+00:00,1.724,1.542,5562.564299115775,-1012.3867024390706,-1048.7213724408948,-0.10913903052363945,REBALANCE_EXIT,MEDIUM,100.0,0.03480278422273786,-0.1328306264501159,0,
PIT_UNIVERSE,WF03,TRADE-ec6f23f732d3bdf1be97,POS-5d183b1bb0c92c1964d3,CAND-09850b0019a9e95b2245,UMA,2024-05-14T00:00:00+00:00,2024-05-20T04:00:00+00:00,4.045,3.489,2403.7426844109586,-1336.4809325324932,-1372.7005273011976,-0.14089694529359087,REBALANCE_EXIT,MEDIUM,148.0,0.04499381953028436,-0.1646477132262052,1,POS-777f4022a058f66c8894
PIT_UNIVERSE,WF03,TRADE-89e66d371387ef890302,POS-f59dff624314ba676ca9,CAND-6bb7be8f49b26bd413d5,XMR,2024-05-08T04:00:00+00:00,2024-05-27T04:00:00+00:00,129.41,142.01,112.20182927780839,1413.743048900385,1352.8354078952195,0.09298426560833972,REBALANCE_EXIT,FULL,456.0,0.11807433737732786,-0.01862298122247119,0,
PIT_UNIVERSE,WF03,TRADE-c2b9d98f63e21659f930,POS-a74524be9d2c704b7ed9,CAND-aacf9e0f97d953538cf5,LINK,2024-05-21T00:00:00+00:00,2024-06-10T04:00:00+00:00,17.2652,16.1309,818.6215920120019,-928.5624718192134,-983.2400089171974,-0.06942837675666896,REBALANCE_EXIT,FULL,484.0,0.1132683085049695,-0.117710770799064,1,POS-c6ccf7179d2d33451e40
PIT_UNIVERSE,WF03,TRADE-97286498f12214d15e29,POS-d36c4330c07a3ad7a239,CAND-a3cda3739aeb53989a59,LPT,2024-05-20T04:00:00+00:00,2024-06-10T04:00:00+00:00,19.5203,23.5564,713.0594675266337,2877.979316884247,2816.546819354638,0.20194681818670315,REBALANCE_EXIT,FULL,504.0,0.32928284913654005,-0.004748902424655199,1,POS-a9ba8d9c5582bf9e034c
PIT_UNIVERSE,WF03,TRADE-baaa86cda030e98aa357,POS-e5fde7aebe318a080250,CAND-194f7266a2f77299d80c,ETH,2024-06-15T16:00:00+00:00,2024-06-17T04:00:00+00:00,3565.53,3581.85,1.3529683207985383,22.080442995431753,2.7400855620136397,0.0005668715744335708,REBALANCE_EXIT,FOUR_HOUR_ONLY,36.0,0.02475648781527573,-0.008074535903498381,1,POS-9001f130e95507056c1b
PIT_UNIVERSE,WF03,TRADE-f809990ea8e43458e713,POS-252606fe215b67661012,CAND-a7d34c24df63237b1e62,LDO,2024-06-18T08:00:00+00:00,2024-06-24T04:00:00+00:00,2.0509,2.0734,4573.469159104532,102.90305607985181,65.17833837406218,0.006934981760113285,REBALANCE_EXIT,MEDIUM,140.0,0.1755814520454435,-0.06431322833877806,1,POS-97a91b1b8d4541ddb4b9
PIT_UNIVERSE,WF03,TRADE-c39d19295402e221c912,POS-c740c4572bdced78fbf1,CAND-88e13e316a472d414422,UNI,2024-05-28T08:00:00+00:00,2024-06-24T04:00:00+00:00,10.9171,9.5423,1336.7446613177767,-1837.75656037968,-1892.4545478272098,-0.12942017696751484,REBALANCE_EXIT,FULL,644.0,0.10580648707074225,-0.19933865220617197,1,POS-a370db88dec3aa8b0611
PIT_UNIVERSE,WF03,TRADE-e3c0889f860680d97f2e,POS-4fd9fc08527b553856b1,CAND-b63ad332650a1544c7d4,XMR,2024-06-10T04:00:00+00:00,2024-07-08T04:00:00+00:00,176.99,149.16,79.72367672099809,-2218.7099231453776,-2270.7136774704845,-0.16060483135655354,REBALANCE_EXIT,FULL,672.0,0.030058195378269925,-0.24498559240635076,1,POS-f59dff624314ba676ca9
PIT_UNIVERSE,WF03,TRADE-0b7e0d1e0ebc929e67b3,POS-40f3ef9a05bae9ec25c3,CAND-5cd1a3419e6c278aecf5,AAVE,2024-07-17T04:00:00+00:00,2024-07-22T04:00:00+00:00,101.842,96.96,139.1494980594036,-679.3278495260091,-734.6542465524202,-0.05173765114847978,REBALANCE_EXIT,FULL,120.0,0.004300779639048846,-0.0733783704169203,0,
PIT_UNIVERSE,WF03,TRADE-3ccc19f8e073e8bb3b23,POS-81ba74af302d8e0c910c,CAND-9dbf331afe6393cf0543,XRP,2024-07-15T12:00:00+00:00,2024-07-22T04:00:00+00:00,0.53649,0.59436,25209.498784766416,1458.8736946744318,1401.8573712729255,0.10344518143715917,REBALANCE_EXIT,FULL,160.0,0.18921135529087207,-0.026002348599228342,0,
PIT_UNIVERSE,WF03,TRADE-7cb64d9b6b7408e87a22,POS-588ae8fcc59e82f91dfa,CAND-bf0774cc220b62b94e7d,ICP,2024-07-24T12:00:00+00:00,2024-08-05T04:00:00+00:00,10.011,6.857,919.1736506112632,-2899.073694027923,-2930.0829363049447,-0.31778775881460525,REBALANCE_EXIT,MEDIUM,280.0,0.011187693537109134,-0.36749575466986306,2,POS-7d627cfdd771499bc489
PIT_UNIVERSE,WF03,TRADE-d982261690e7573406ca,POS-f4a2dd71407841b0175b,CAND-736889b3f185761d9c13,PAXG,2024-08-12T16:00:00+00:00,2024-08-19T04:00:00+00:00,2449.99,2502.81,5.806271296181225,306.6872498642933,249.17264891284054,0.01748119074566436,REBALANCE_EXIT,FULL,156.0,0.12713521279678686,-0.040812411479230426,1,POS-5be8f8a7435b2d850ad9
PIT_UNIVERSE,WF03,TRADE-14a55ca7931ec7eab7a6,POS-564530a9a08fb82f60da,CAND-740b777f02ce4d2d6119,XRP,2024-07-29T04:00:00+00:00,2024-08-19T04:00:00+00:00,0.60646,0.56647,22931.03926745169,-917.0122603053925,-970.8052680813366,-0.06966882776346191,REBALANCE_EXIT,FULL,504.0,0.0858754081060582,-0.29426507931273294,1,POS-81ba74af302d8e0c910c
PIT_UNIVERSE,WF03,TRADE-3cb2d982cc9e3097c5d2,POS-b2f62aae87d97ae1f17b,CAND-61f084039de6fbbf52cd,ZEC,2024-07-16T08:00:00+00:00,2024-09-02T04:00:00+00:00,29.184,29.159,465.3804040900245,-11.634510102251605,-65.93788793390021,-0.004845230044297444,REBALANCE_EXIT,FULL,1148.0,0.5537280701754386,-0.13020833333333337,0,
PIT_UNIVERSE,WF03,TRADE-286c6cd8def86f40805a,POS-c04662f88f67c514d211,CAND-9b2ed655da1c23aca733,CRV,2024-08-20T12:00:00+00:00,2024-09-09T04:00:00+00:00,0.3077,0.2765,31838.615368751947,-993.3647995050592,-1030.565037701909,-0.10498470073178295,REBALANCE_EXIT,MEDIUM,472.0,0.19467013324666893,-0.1888202794930126,0,
PIT_UNIVERSE,WF03,TRADE-1b0332e5623894197550,POS-61e6ac8a0b8c66f9f3a1,CAND-74b32e44c48738a52128,AVAX,2024-09-10T20:00:00+00:00,2024-09-16T04:00:00+00:00,24.398,23.66,374.0580626237756,-276.0548502163462,-312.00781496349305,-0.03411964496288182,REBALANCE_EXIT,MEDIUM,128.0,0.05168456430854995,-0.06209525370932045,2,POS-ccc1342965766fb5053f
PIT_UNIVERSE,WF03,TRADE-b9a0ddd8bcd95afd528d,POS-d61b27416ccf3df060de,CAND-60905b24323fc49b2899,XMR,2024-09-03T00:00:00+00:00,2024-09-16T04:00:00+00:00,170.57,170.96,77.0491631409168,30.04917362495869,-22.580027750075946,-0.0017146922078922725,REBALANCE_EXIT,FULL,316.0,0.04232866271911817,-0.04836723925661024,2,POS-4fd9fc08527b553856b1
PIT_UNIVERSE,WF03,TRADE-dd323f97557a41eaf7e3,POS-3e0d74e83aa999163715,CAND-9256cf7d08bdd99a8356,ICP,2024-09-19T04:00:00+00:00,2024-09-23T04:00:00+00:00,8.347,8.541,1082.6391728953959,210.0319995417077,173.4647788379928,0.019157085373998718,REBALANCE_EXIT,MEDIUM,96.0,0.04300946447825571,-0.05103630046723362,3,POS-588ae8fcc59e82f91dfa
PIT_UNIVERSE,WF03,TRADE-6808987cd6a933ac2613,POS-017ce7264986be433881,CAND-7b4864bc2cc80f6ed4fb,AAVE,2024-08-19T08:00:00+00:00,2024-09-30T04:00:00+00:00,112.91,158.284,126.16348794476696,5724.542102005856,5656.112540106469,0.39626364134718783,REBALANCE_EXIT,FULL,1004.0,0.5849969001859887,-0.047046320077938186,1,POS-40f3ef9a05bae9ec25c3
PIT_UNIVERSE,WF03,TRADE-ee84230aaf43eb17460a,POS-e75e447a77cb42cf30be,CAND-ccd430ae99520101a39c,LTC,2024-09-24T20:00:00+00:00,2024-09-30T04:00:00+00:00,66.779,67.867,143.35048701355387,155.96532987074778,117.36219052189382,0.012235490982126377,REBALANCE_EXIT,MEDIUM,128.0,0.07056110453885212,-0.017146108806660676,0,
PIT_UNIVERSE,WF03,TRADE-036ee354235f0f5642c0,POS-5c8925cc053caebf15d7,CAND-f2a84e1cc03b5b0b4d06,QNT,2024-09-19T16:00:00+00:00,2024-09-30T04:00:00+00:00,74.21,74.655,182.82201633364818,81.35579726847479,26.92419834545771,0.0019805423514916987,REBALANCE_EXIT,FULL,252.0,0.08931410861069944,-0.023527826438485278,0,
PIT_UNIVERSE,WF03,TRADE-2c3795dd448f4c7f06a0,POS-ef8e67555fe9b3779236,CAND-acd244ad822a3c62f245,AVAX,2024-10-04T20:00:00+00:00,2024-10-07T04:00:00+00:00,26.286,27.286,188.86488045913458,188.86488045913458,168.62914170722107,0.03389918025927905,REBALANCE_EXIT,FOUR_HOUR_ONLY,56.0,0.04827664916685692,-0.045042988663166694,3,POS-61e6ac8a0b8c66f9f3a1
PIT_UNIVERSE,WF03,TRADE-d673b139aae303c4d06b,POS-8bff6ae019fc6dc2716e,CAND-93ce496870b24be125f2,AAVE,2024-10-07T04:00:00+00:00,2024-10-14T04:00:00+00:00,152.497,159.696,68.5388334837343,493.41106224940205,450.6163741658271,0.043027017042722514,REBALANCE_EXIT,MEDIUM,168.0,0.048617349849505054,-0.10558240489976867,2,POS-017ce7264986be433881
PIT_UNIVERSE,WF03,TRADE-e24ed5c7b59f5ee40f70,POS-6ca3177dc0b2a85e0807,CAND-e1e4d82f5e65352ba11e,AVAX,2024-10-14T04:00:00+00:00,2024-10-21T04:00:00+00:00,29.75,28.689,486.3942815861292,-516.064332762883,-572.9131236061068,-0.03951351079353898,REBALANCE_EXIT,FULL,168.0,0.003495798319327781,-0.09882352941176475,4,POS-ef8e67555fe9b3779236
PIT_UNIVERSE,WF03,TRADE-f9bea5422d5dc8a69ffa,POS-354e7e5c5653fa156046,CAND-7f64af3dd3e7efe8d690,FTT,2024-10-01T00:00:00+00:00,2024-10-28T04:00:00+00:00,1.841,1.834,7557.962591100875,-52.905738137705335,-108.45676318229678,-0.007779118568945703,REBALANCE_EXIT,FULL,652.0,0.855513307984791,-0.1026615969581749,1,POS-388032a6e5de2e88b432
PIT_UNIVERSE,WF03,TRADE-cf9a3cd3001af088d673,POS-c261d49e2c38af0aa937,CAND-92809b5ca9da855c6e78,SHIB,2024-10-04T12:00:00+00:00,2024-10-28T04:00:00+00:00,1.7438e-05,1.6938e-05,571004015.2460902,-285.5020076230462,-324.7596756792454,-0.032550565802676214,REBALANCE_EXIT,MEDIUM,568.0,0.12042665443284783,-0.09651336162403945,1,POS-abcf9ae4c0367e00462c
PIT_UNIVERSE,WF03,TRADE-215566ef26424b1c7538,POS-7c1939932b3dd91ba155,CAND-6609841d9df87193e0eb,XMR,2024-10-29T04:00:00+00:00,2024-11-04T04:00:00+00:00,163.85,157.0,85.45451821662691,-585.3634497838939,-640.1996141235034,-0.045631653994421865,REBALANCE_EXIT,FULL,144.0,0.013732072017088814,-0.07586206896551728,3,POS-d61b27416ccf3df060de
PIT_UNIVERSE,WF03,TRADE-217db28eeac744fc2b1c,POS-ed691e4b3a418be7edf9,CAND-37ff8d08a7911a5603d5,BTC,2024-11-05T16:00:00+00:00,2024-11-11T04:00:00+00:00,69634.8,81609.9,0.2014906439604137,2412.870610490348,2351.9218264931487,0.16729152630650038,REBALANCE_EXIT,FULL,132.0,0.17521698920654605,-0.013440119020949437,1,POS-8ebc8dbdae4e7da8fea6
PIT_UNIVERSE,WF03,TRADE-fe8a74d11037af31465d,POS-07499e3ecb74d2b470c4,CAND-c4aa47aa558ce9743ae5,ZEC,2024-10-29T04:00:00+00:00,2024-11-11T04:00:00+00:00,39.919,46.76,357.9969525626959,2449.057152481403,2386.995516779039,0.16669589251567762,REBALANCE_EXIT,FULL,312.0,0.2085222575715826,-0.10819409303840266,1,POS-b2f62aae87d97ae1f17b
PIT_UNIVERSE,WF03,TRADE-55bada572e12c0546583,POS-a42382771a852c3d29b2,CAND-bf13b063e89c5650f2e6,ADA,2024-11-13T16:00:00+00:00,2024-11-18T04:00:00+00:00,0.5951,0.7372,34930.09609348827,4963.566654884683,4870.491920833973,0.23383815464349406,REBALANCE_EXIT,FULL,108.0,0.37657536548479253,-0.08922870105864544,1,POS-0a0b3ff2cf56733be019
PIT_UNIVERSE,WF03,TRADE-9804c3119101e0a6831a,POS-4e9ff1e060af496c4f7e,CAND-628531a12d93e1845b76,CRO,2024-11-15T08:00:00+00:00,2024-11-25T04:00:00+00:00,0.17596,0.18578,117508.3526491223,1153.9320230143805,1068.9170800397935,0.05159333526627125,REBALANCE_EXIT,FULL,236.0,0.19493066606046816,-0.13133666742441463,0,
PIT_UNIVERSE,WF03,TRADE-2dd1971d85e8f6887672,POS-b67222ed3bc752446378,CAND-2e082ee5193bd320b251,ADA,2024-11-27T00:00:00+00:00,2024-12-02T04:00:00+00:00,0.9602,1.1384,29037.2050736244,5174.429944119868,5052.554986984852,0.18085345659441376,REBALANCE_EXIT,FULL,124.0,0.24057488023328477,-0.029577171422620396,2,POS-a42382771a852c3d29b2
PIT_UNIVERSE,WF03,TRADE-684ecd11477db2bc8c71,POS-43315c3313b8c91c7f74,CAND-3111fa062c7328148a0c,DOGE,2024-10-21T04:00:00+00:00,2024-12-02T04:00:00+00:00,0.14544,0.44211,99823.76215284507,29614.715517884546,29497.412614978737,2.027675260040974,REBALANCE_EXIT,FULL,1008.0,2.3003300330033,-0.12197469746974698,1,POS-8359a435fb217c6f83af
PIT_UNIVERSE,WF03,TRADE-8df1685ec229cb1d63fe,POS-ad85b6911f992083ae6c,CAND-8078edf6a010da681158,ALGO,2024-12-06T20:00:00+00:00,2024-12-09T04:00:00+00:00,0.4764,0.4781,68007.44429740017,115.61265530558266,-14.213555858154265,-0.00043783130632095413,REBALANCE_EXIT,FULL,56.0,0.11146095717884119,-0.022460117548278702,0,
PIT_UNIVERSE,WF03,TRADE-2ebfe4a3706e4564b042,POS-16d9257b6971e5af7a39,CAND-65e9a80224cbd6035934,XLM,2024-11-18T04:00:00+00:00,2024-12-16T04:00:00+00:00,0.2139,0.4209,102893.61693935329,21298.97870644613,21168.344970379927,0.9598866782563902,REBALANCE_EXIT,FULL,672.0,1.9780271154745206,-0.004207573632538653,0,
PIT_UNIVERSE,WF03,TRADE-33cbf22d1bf188e54735,POS-35d60190acd641d27873,CAND-548e91e74724de074970,ALGO,2024-12-17T20:00:00+00:00,2024-12-23T04:00:00+00:00,0.4316,0.3615,47565.68644839489,-3334.3546200324813,-3409.8033118769254,-0.16576254349503033,REBALANCE_EXIT,MEDIUM,128.0,0.01042632066728455,-0.3449953660797034,1,POS-ad85b6911f992083ae6c
PIT_UNIVERSE,WF03,TRADE-de1d857afaff034df952,POS-07a6ebb4c08d7a9400c7,CAND-adbd98ece02602780d49,XRP,2024-12-06T20:00:00+00:00,2024-12-30T04:00:00+00:00,2.36458,2.10152,13619.727343982368,-3582.805475108006,-3704.4596036899247,-0.11479810427103582,REBALANCE_EXIT,FULL,560.0,0.15365096549915824,-0.19647463820213318,2,POS-564530a9a08fb82f60da
PIT_UNIVERSE,WF03,TRADE-441ef9be40c5c8fb84cf,POS-48b8602d06e432ee13e8,CAND-88064a1014da03e4ee5e,AAVE,2024-12-23T04:00:00+00:00,2025-01-01T00:00:00+00:00,328.873,308.743,54.43359229271948,-1095.748212852443,-1165.1636716190724,-0.06495670664976433,END_OF_FOLD_EXIT,MEDIUM,212.0,0.18528732975951212,-0.06902360485658598,3,POS-8bff6ae019fc6dc2716e
PIT_UNIVERSE,WF03,TRADE-d248a5fe665ceb1806e2,POS-5335068ba640207f5e04,CAND-3f2b3172e191d55ff40d,CRV,2024-12-10T08:00:00+00:00,2025-01-01T00:00:00+00:00,1.1423,0.8937,25896.910152535682,-6437.971863920372,-6543.424082061497,-0.22075432431993236,END_OF_FOLD_EXIT,FULL,520.0,0.1377046310076162,-0.39770638186115737,1,POS-c04662f88f67c514d211
PIT_UNIVERSE,WF03,TRADE-60fdc0026859ecb6b315,POS-b3492cadb296e7be919e,CAND-bdc954599d6488e9dd24,FTT,2024-12-31T00:00:00+00:00,2025-01-01T00:00:00+00:00,3.565,3.706,7490.641507106245,1056.1804525019807,947.2515437056417,0.03540128718719644,END_OF_FOLD_EXIT,FULL,24.0,0.08723702664796629,-0.006732117812061733,2,POS-354e7e5c5653fa156046
