signal_id,symbol,aggregate_contribution
BN_TAKER_BUY_IMBALANCE_1,1INCH,-0.07603115334653865
BN_TAKER_BUY_IMBALANCE_1,ICP,0.15792108134450666
BN_TAKER_BUY_IMBALANCE_1,LDO,0.06962864188911315
BN_TAKER_BUY_IMBALANCE_1,MANA,-0.05497419315303125
BN_TAKER_BUY_IMBALANCE_1,PAXG,-0.04710387325586303
BN_TAKER_BUY_IMBALANCE_1,XMR,-0.05563368409930315
BN_TAKER_BUY_IMBALANCE_1,BCH,0.002812988200256084
BN_TAKER_BUY_IMBALANCE_1,NEO,0.001271080328628399
BN_TAKER_BUY_IMBALANCE_1,SHIB,-0.018602776127856296
BN_TAKER_BUY_IMBALANCE_1,DASH,-0.023950505589649507
BN_TAKER_BUY_IMBALANCE_1,ETC,0.022064016491025882
BN_TAKER_BUY_IMBALANCE_1,SNX,0.041757118680117424
BN_TAKER_BUY_IMBALANCE_1,ZEC,-0.017163485689980565
BN_TAKER_BUY_IMBALANCE_1,ALGO,-0.11560688839764897
BN_TAKER_BUY_IMBALANCE_1,CRV,0.008882497031438907
BN_TAKER_BUY_IMBALANCE_1,ETH,0.00348519902824093
BN_TAKER_BUY_IMBALANCE_1,UNI,0.04931367554897038
BN_TAKER_BUY_IMBALANCE_1,LINK,-0.03608591531578153
BN_TAKER_BUY_IMBALANCE_1,QNT,-0.01949320433286899
BN_TAKER_BUY_IMBALANCE_1,XLM,-0.010743544451684626
BN_TAKER_BUY_IMBALANCE_1,ADA,0.049585637488266276
BN_TAKER_BUY_IMBALANCE_1,BAL,0.002550841627597028
BN_TAKER_BUY_IMBALANCE_1,AAVE,-0.03922709859764918
BN_TAKER_BUY_IMBALANCE_1,COMP,0.016389116617181926
BN_TAKER_BUY_IMBALANCE_1,LTC,-0.04079716477181901
BN_TAKER_BUY_IMBALANCE_1,AVAX,-0.050154856118781524
BN_TAKER_BUY_IMBALANCE_1,BTC,0.022002323948913598
BN_TAKER_BUY_IMBALANCE_1,LRC,-0.010211353255339593
BN_TAKER_BUY_IMBALANCE_1,DOGE,0.044482998446260594
BN_TAKER_BUY_IMBALANCE_1,XRP,0.04483654674622086
BN_TAKER_BUY_IMBALANCE_1,FTT,0.049596010938366665
BN_TAKER_BUY_IMBALANCE_1,MATIC,-0.04326303406803932
BN_TAKER_BUY_IMBALANCE_1,BAT,-0.011189292957495931
BN_TAKER_BUY_IMBALANCE_1,UMA,-0.03897249504039878
BN_TAKER_BUY_IMBALANCE_1,LPT,0.020348765467834807
BN_TAKER_BUY_IMBALANCE_1,ZRX,-0.04768407865905443
BN_TAKER_BUY_IMBALANCE_1,FLOW,-0.03153274048485774
BN_TAKER_BUY_IMBALANCE_6,1INCH,-0.03433072060609905
BN_TAKER_BUY_IMBALANCE_6,ADA,-0.012218355042035646
BN_TAKER_BUY_IMBALANCE_6,LDO,0.028124641679801936
BN_TAKER_BUY_IMBALANCE_6,NEO,0.07293125848444555
BN_TAKER_BUY_IMBALANCE_6,PAXG,-0.08847954635990198
BN_TAKER_BUY_IMBALANCE_6,XMR,-0.1264580844848223
BN_TAKER_BUY_IMBALANCE_6,AAVE,0.011784605995951887
BN_TAKER_BUY_IMBALANCE_6,BCH,-0.06676188196462361
BN_TAKER_BUY_IMBALANCE_6,DOGE,0.13063141950480592
BN_TAKER_BUY_IMBALANCE_6,ICP,0.04461405042782962
BN_TAKER_BUY_IMBALANCE_6,QNT,-0.06383030635199495
BN_TAKER_BUY_IMBALANCE_6,CRV,-0.09089544004700653
BN_TAKER_BUY_IMBALANCE_6,LINK,-0.05005674087202806
BN_TAKER_BUY_IMBALANCE_6,SHIB,-0.020088768495341434
BN_TAKER_BUY_IMBALANCE_6,ETH,-0.005732215385196753
BN_TAKER_BUY_IMBALANCE_6,BAL,-0.003698609864931096
BN_TAKER_BUY_IMBALANCE_6,UNI,0.0005290080274441573
BN_TAKER_BUY_IMBALANCE_6,ALGO,-0.054529430603579516
BN_TAKER_BUY_IMBALANCE_6,LTC,-0.04664191026978637
BN_TAKER_BUY_IMBALANCE_6,SNX,0.046311792951463204
BN_TAKER_BUY_IMBALANCE_6,XRP,0.18171074173163468
BN_TAKER_BUY_IMBALANCE_6,ZEC,-0.037583650205179286
BN_TAKER_BUY_IMBALANCE_6,ETC,-0.05574342895201154
BN_TAKER_BUY_IMBALANCE_6,MANA,0.03228914674435227
BN_TAKER_BUY_IMBALANCE_6,BTC,0.06017853561889107
BN_TAKER_BUY_IMBALANCE_6,DASH,-0.033254320629321925
BN_TAKER_BUY_IMBALANCE_6,COMP,-0.0052066064805377735
BN_TAKER_BUY_IMBALANCE_6,AVAX,0.015221105435118419
BN_TAKER_BUY_IMBALANCE_6,LRC,-0.013607567714301855
BN_TAKER_BUY_IMBALANCE_6,XLM,-0.06624613643881244
BN_TAKER_BUY_IMBALANCE_6,FTT,0.0760507874336448
BN_TAKER_BUY_IMBALANCE_6,MATIC,-0.08057726141997698
BN_TAKER_BUY_IMBALANCE_6,BAT,-0.0012574632880462467
BN_TAKER_BUY_IMBALANCE_6,UMA,-0.006265410564051369
BN_TAKER_BUY_IMBALANCE_6,ZRX,0.02618544119488531
BN_TAKER_BUY_IMBALANCE_6,LPT,-0.011045883579942215
BN_TAKER_BUY_IMBALANCE_6,FLOW,-0.03419252919368832
BN_TAKER_BUY_IMBALANCE_18,ALGO,-0.05733368400404404
BN_TAKER_BUY_IMBALANCE_18,BAL,-0.003795385177513946
BN_TAKER_BUY_IMBALANCE_18,BCH,0.08955037029320916
BN_TAKER_BUY_IMBALANCE_18,COMP,-0.0193425247519551
BN_TAKER_BUY_IMBALANCE_18,LDO,0.10362955863919884
BN_TAKER_BUY_IMBALANCE_18,PAXG,-0.09944154954497259
BN_TAKER_BUY_IMBALANCE_18,1INCH,-0.18330459919582245
BN_TAKER_BUY_IMBALANCE_18,AAVE,0.023462485563494485
BN_TAKER_BUY_IMBALANCE_18,ICP,0.0036899450917980163
BN_TAKER_BUY_IMBALANCE_18,QNT,-0.063190349612981
BN_TAKER_BUY_IMBALANCE_18,SHIB,0.01813393257802924
BN_TAKER_BUY_IMBALANCE_18,ADA,-0.001392647294222666
BN_TAKER_BUY_IMBALANCE_18,XMR,-0.09543088984881809
BN_TAKER_BUY_IMBALANCE_18,ETH,-0.03128240228158431
BN_TAKER_BUY_IMBALANCE_18,LINK,0.014903557174607295
BN_TAKER_BUY_IMBALANCE_18,DOGE,0.0988884118789904
BN_TAKER_BUY_IMBALANCE_18,UNI,0.04518528061645506
BN_TAKER_BUY_IMBALANCE_18,SNX,-0.03268233687556645
BN_TAKER_BUY_IMBALANCE_18,LTC,-0.03001262464954571
BN_TAKER_BUY_IMBALANCE_18,MANA,-0.03037250015018288
BN_TAKER_BUY_IMBALANCE_18,BTC,0.005631986789171155
BN_TAKER_BUY_IMBALANCE_18,ZEC,0.07733913946091074
BN_TAKER_BUY_IMBALANCE_18,AVAX,0.015272271853726949
BN_TAKER_BUY_IMBALANCE_18,CRV,-0.07313722332518746
BN_TAKER_BUY_IMBALANCE_18,NEO,0.027777391948730305
BN_TAKER_BUY_IMBALANCE_18,XRP,0.08282864032776208
BN_TAKER_BUY_IMBALANCE_18,DASH,-0.035284030348100515
BN_TAKER_BUY_IMBALANCE_18,LRC,-0.022550156347277677
BN_TAKER_BUY_IMBALANCE_18,ETC,-0.04380888984144235
BN_TAKER_BUY_IMBALANCE_18,XLM,-0.1184119485911898
BN_TAKER_BUY_IMBALANCE_18,FTT,-0.033682090494674286
BN_TAKER_BUY_IMBALANCE_18,MATIC,-0.0841896291808656
BN_TAKER_BUY_IMBALANCE_18,BAT,-0.00543457135726457
BN_TAKER_BUY_IMBALANCE_18,UMA,-0.014949747666439684
BN_TAKER_BUY_IMBALANCE_18,LPT,-0.05034434915865059
BN_TAKER_BUY_IMBALANCE_18,ZRX,0.06593904546141922
BN_TAKER_BUY_IMBALANCE_18,FLOW,-0.030449255863247295
BN_TAKER_BUY_IMBALANCE_ACCEL_6_42,1INCH,0.008279190983295364
BN_TAKER_BUY_IMBALANCE_ACCEL_6_42,ADA,0.008076947584608089
BN_TAKER_BUY_IMBALANCE_ACCEL_6_42,MANA,0.12597026506180942
BN_TAKER_BUY_IMBALANCE_ACCEL_6_42,NEO,0.0711157903679157
BN_TAKER_BUY_IMBALANCE_ACCEL_6_42,PAXG,-0.13485069195342422
BN_TAKER_BUY_IMBALANCE_ACCEL_6_42,XMR,-0.03328873726187362
BN_TAKER_BUY_IMBALANCE_ACCEL_6_42,AAVE,0.03472301263038822
BN_TAKER_BUY_IMBALANCE_ACCEL_6_42,AVAX,0.07428963968211559
BN_TAKER_BUY_IMBALANCE_ACCEL_6_42,DASH,-0.046462713762353766
BN_TAKER_BUY_IMBALANCE_ACCEL_6_42,ICP,0.07949235326609064
BN_TAKER_BUY_IMBALANCE_ACCEL_6_42,QNT,-0.11721398107380868
BN_TAKER_BUY_IMBALANCE_ACCEL_6_42,CRV,-0.08189401349514074
BN_TAKER_BUY_IMBALANCE_ACCEL_6_42,ZEC,-0.1527539187631719
BN_TAKER_BUY_IMBALANCE_ACCEL_6_42,BCH,-0.0066896117533024515
BN_TAKER_BUY_IMBALANCE_ACCEL_6_42,LINK,-0.031590863870987265
BN_TAKER_BUY_IMBALANCE_ACCEL_6_42,XLM,-0.09111162438877574
BN_TAKER_BUY_IMBALANCE_ACCEL_6_42,ETH,-0.029276151489637935
BN_TAKER_BUY_IMBALANCE_ACCEL_6_42,BAL,-0.003698609864931096
BN_TAKER_BUY_IMBALANCE_ACCEL_6_42,SHIB,-4.3356220244511034e-05
BN_TAKER_BUY_IMBALANCE_ACCEL_6_42,UNI,-0.0004634272562610356
BN_TAKER_BUY_IMBALANCE_ACCEL_6_42,ALGO,0.026198203650521855
BN_TAKER_BUY_IMBALANCE_ACCEL_6_42,LTC,0.0017394759016766109
BN_TAKER_BUY_IMBALANCE_ACCEL_6_42,DOGE,0.07062412712189131
BN_TAKER_BUY_IMBALANCE_ACCEL_6_42,SNX,-0.03763328413442512
BN_TAKER_BUY_IMBALANCE_ACCEL_6_42,COMP,0.07487444856262845
BN_TAKER_BUY_IMBALANCE_ACCEL_6_42,ETC,-0.07108787514088555
BN_TAKER_BUY_IMBALANCE_ACCEL_6_42,LDO,-0.04168402998965466
BN_TAKER_BUY_IMBALANCE_ACCEL_6_42,XRP,0.0732115432269878
BN_TAKER_BUY_IMBALANCE_ACCEL_6_42,BTC,0.03553853525818902
BN_TAKER_BUY_IMBALANCE_ACCEL_6_42,LRC,-0.013343523439839172
BN_TAKER_BUY_IMBALANCE_ACCEL_6_42,FTT,-0.042545029436247175
BN_TAKER_BUY_IMBALANCE_ACCEL_6_42,MATIC,-0.049884118549434524
BN_TAKER_BUY_IMBALANCE_ACCEL_6_42,BAT,-0.0012574632880462467
BN_TAKER_BUY_IMBALANCE_ACCEL_6_42,UMA,-0.021660959005869333
BN_TAKER_BUY_IMBALANCE_ACCEL_6_42,ZRX,0.04046368630216057
BN_TAKER_BUY_IMBALANCE_ACCEL_6_42,LPT,-0.02573259756477991
BN_TAKER_BUY_IMBALANCE_ACCEL_6_42,FLOW,-0.046535971800534266
BN_TRADE_COUNT_ZSCORE_42,AVAX,0.09500591662328062
BN_TRADE_COUNT_ZSCORE_42,BAL,0.000615585687203957
BN_TRADE_COUNT_ZSCORE_42,LDO,-0.011601097079106825
BN_TRADE_COUNT_ZSCORE_42,NEO,0.06906132025233212
BN_TRADE_COUNT_ZSCORE_42,QNT,-0.07375019184825313
BN_TRADE_COUNT_ZSCORE_42,XMR,0.03508938252968292
BN_TRADE_COUNT_ZSCORE_42,ICP,0.17240563060648117
BN_TRADE_COUNT_ZSCORE_42,UNI,-0.011516895183526745
BN_TRADE_COUNT_ZSCORE_42,XRP,0.07044535811140781
BN_TRADE_COUNT_ZSCORE_42,ZEC,-0.0569426504224841
BN_TRADE_COUNT_ZSCORE_42,1INCH,-0.12261494616453324
BN_TRADE_COUNT_ZSCORE_42,BTC,0.061473730421550875
BN_TRADE_COUNT_ZSCORE_42,PAXG,-0.12518774368575267
BN_TRADE_COUNT_ZSCORE_42,ETC,0.01859691425253707
BN_TRADE_COUNT_ZSCORE_42,MANA,0.04324171709892521
BN_TRADE_COUNT_ZSCORE_42,SHIB,0.20206271999215497
BN_TRADE_COUNT_ZSCORE_42,LINK,-0.10462545538150994
BN_TRADE_COUNT_ZSCORE_42,ADA,-0.01123718131240376
BN_TRADE_COUNT_ZSCORE_42,XLM,0.16810622406719328
BN_TRADE_COUNT_ZSCORE_42,SNX,-0.10292081721410969
BN_TRADE_COUNT_ZSCORE_42,BCH,-0.008629843574093262
BN_TRADE_COUNT_ZSCORE_42,DOGE,0.10291359442120761
BN_TRADE_COUNT_ZSCORE_42,ALGO,-0.006199623198261005
BN_TRADE_COUNT_ZSCORE_42,ETH,0.007081350420727174
BN_TRADE_COUNT_ZSCORE_42,AAVE,0.08486816364993553
BN_TRADE_COUNT_ZSCORE_42,CRV,-0.20455371483489465
BN_TRADE_COUNT_ZSCORE_42,DASH,-0.012032061919785465
BN_TRADE_COUNT_ZSCORE_42,COMP,-0.0540470793179713
BN_TRADE_COUNT_ZSCORE_42,LTC,-0.1099258570740888
BN_TRADE_COUNT_ZSCORE_42,LRC,-0.030506433681197202
BN_TRADE_COUNT_ZSCORE_42,FTT,0.09240000972553505
BN_TRADE_COUNT_ZSCORE_42,MATIC,-0.04883093286192887
BN_TRADE_COUNT_ZSCORE_42,UMA,-0.03466850147462866
BN_TRADE_COUNT_ZSCORE_42,ZRX,0.04083869291768605
BN_TRADE_COUNT_ZSCORE_42,LPT,-0.014849753134971682
BN_TRADE_COUNT_ZSCORE_42,FLOW,-0.021368197740212796
BN_TRADE_COUNT_ACCEL_6_42,ALGO,-0.07040103692383205
BN_TRADE_COUNT_ACCEL_6_42,AVAX,0.06986947126647816
BN_TRADE_COUNT_ACCEL_6_42,BTC,-0.0013637321586086894
BN_TRADE_COUNT_ACCEL_6_42,COMP,0.04290120692808175
BN_TRADE_COUNT_ACCEL_6_42,LDO,0.02846935154738858
BN_TRADE_COUNT_ACCEL_6_42,NEO,0.016116867443630768
BN_TRADE_COUNT_ACCEL_6_42,BAL,0.00269892108516621
BN_TRADE_COUNT_ACCEL_6_42,LTC,-0.0963470915186267
BN_TRADE_COUNT_ACCEL_6_42,UNI,-0.1009821091569512
BN_TRADE_COUNT_ACCEL_6_42,XRP,-0.03599550703447977
BN_TRADE_COUNT_ACCEL_6_42,ZEC,-0.04660576560891757
BN_TRADE_COUNT_ACCEL_6_42,1INCH,-0.047820009812014556
BN_TRADE_COUNT_ACCEL_6_42,ICP,0.10420323261854708
BN_TRADE_COUNT_ACCEL_6_42,PAXG,-0.15660668483454449
BN_TRADE_COUNT_ACCEL_6_42,AAVE,0.03639879447934496
BN_TRADE_COUNT_ACCEL_6_42,ETC,-0.003246702620330232
BN_TRADE_COUNT_ACCEL_6_42,MANA,0.02946813846097946
BN_TRADE_COUNT_ACCEL_6_42,BCH,0.0047936944080864624
BN_TRADE_COUNT_ACCEL_6_42,SHIB,0.12057843633813393
BN_TRADE_COUNT_ACCEL_6_42,SNX,-0.03010502753236556
BN_TRADE_COUNT_ACCEL_6_42,XMR,0.04583291812779616
BN_TRADE_COUNT_ACCEL_6_42,ADA,-0.010114024052573174
BN_TRADE_COUNT_ACCEL_6_42,CRV,-0.004069468992664816
BN_TRADE_COUNT_ACCEL_6_42,DOGE,0.13112325415964293
BN_TRADE_COUNT_ACCEL_6_42,XLM,0.13061150748653733
BN_TRADE_COUNT_ACCEL_6_42,DASH,-0.018020915462173864
BN_TRADE_COUNT_ACCEL_6_42,LINK,-0.05379535668256838
BN_TRADE_COUNT_ACCEL_6_42,QNT,-0.08496582938771743
BN_TRADE_COUNT_ACCEL_6_42,ETH,-0.013987956191380728
BN_TRADE_COUNT_ACCEL_6_42,LRC,-0.019074488516184672
BN_TRADE_COUNT_ACCEL_6_42,FTT,-0.003181332383847045
BN_TRADE_COUNT_ACCEL_6_42,MATIC,0.003655376299852375
BN_TRADE_COUNT_ACCEL_6_42,BAT,-0.00014711463134051465
BN_TRADE_COUNT_ACCEL_6_42,UMA,0.009187214338370503
BN_TRADE_COUNT_ACCEL_6_42,LPT,-0.018002925693653346
BN_TRADE_COUNT_ACCEL_6_42,ZRX,0.0446320664148836
BN_TRADE_COUNT_ACCEL_6_42,FLOW,-0.016151579821013777
BN_AVG_TRADE_SIZE_ACCEL_6_42,1INCH,-0.05658284858135022
BN_AVG_TRADE_SIZE_ACCEL_6_42,AVAX,-0.016705305787514453
BN_AVG_TRADE_SIZE_ACCEL_6_42,BAL,0.001345609729011269
BN_AVG_TRADE_SIZE_ACCEL_6_42,CRV,-0.009152756191869466
BN_AVG_TRADE_SIZE_ACCEL_6_42,ICP,0.07988968851591262
BN_AVG_TRADE_SIZE_ACCEL_6_42,LTC,-0.0192540958983278
BN_AVG_TRADE_SIZE_ACCEL_6_42,PAXG,-0.12051683313457795
BN_AVG_TRADE_SIZE_ACCEL_6_42,UNI,0.047493442107242434
BN_AVG_TRADE_SIZE_ACCEL_6_42,XLM,0.08409964964812508
BN_AVG_TRADE_SIZE_ACCEL_6_42,BCH,0.04403123686942354
BN_AVG_TRADE_SIZE_ACCEL_6_42,ZEC,0.03223292752936566
BN_AVG_TRADE_SIZE_ACCEL_6_42,ETC,-0.06850603294174985
BN_AVG_TRADE_SIZE_ACCEL_6_42,ETH,-0.03094944104327161
BN_AVG_TRADE_SIZE_ACCEL_6_42,XRP,0.004491757613293052
BN_AVG_TRADE_SIZE_ACCEL_6_42,LDO,-0.1445120959531558
BN_AVG_TRADE_SIZE_ACCEL_6_42,QNT,-0.003119976063733281
BN_AVG_TRADE_SIZE_ACCEL_6_42,SHIB,0.04778218492178925
BN_AVG_TRADE_SIZE_ACCEL_6_42,BTC,0.07287036068680278
BN_AVG_TRADE_SIZE_ACCEL_6_42,MANA,-0.011552043010739798
BN_AVG_TRADE_SIZE_ACCEL_6_42,XMR,-0.019498014635759515
BN_AVG_TRADE_SIZE_ACCEL_6_42,AAVE,0.12566337791817214
BN_AVG_TRADE_SIZE_ACCEL_6_42,COMP,-0.02502814932942414
BN_AVG_TRADE_SIZE_ACCEL_6_42,SNX,-0.07539082471740663
BN_AVG_TRADE_SIZE_ACCEL_6_42,ALGO,-0.050964653000974594
BN_AVG_TRADE_SIZE_ACCEL_6_42,NEO,0.1485894953842997
BN_AVG_TRADE_SIZE_ACCEL_6_42,DOGE,0.06751012911772993
BN_AVG_TRADE_SIZE_ACCEL_6_42,LINK,0.005691665752576816
BN_AVG_TRADE_SIZE_ACCEL_6_42,DASH,-0.01292615477249633
BN_AVG_TRADE_SIZE_ACCEL_6_42,LRC,-0.01558735635769334
BN_AVG_TRADE_SIZE_ACCEL_6_42,ADA,0.012488336173372385
BN_AVG_TRADE_SIZE_ACCEL_6_42,FTT,-0.22516114978845522
BN_AVG_TRADE_SIZE_ACCEL_6_42,MATIC,-0.0370360537425387
BN_AVG_TRADE_SIZE_ACCEL_6_42,BAT,-0.005065011199893655
BN_AVG_TRADE_SIZE_ACCEL_6_42,UMA,-0.06843793416899786
BN_AVG_TRADE_SIZE_ACCEL_6_42,LPT,0.001050159400946181
BN_AVG_TRADE_SIZE_ACCEL_6_42,ZRX,0.028435240763126642
BN_AVG_TRADE_SIZE_ACCEL_6_42,FLOW,-0.02976610752498514
BN_FLOW_PRICE_CONFIRMATION_6,1INCH,-0.03753931381775488
BN_FLOW_PRICE_CONFIRMATION_6,AVAX,-0.05625754562026972
BN_FLOW_PRICE_CONFIRMATION_6,LDO,0.09065605576752682
BN_FLOW_PRICE_CONFIRMATION_6,NEO,0.07876065171366146
BN_FLOW_PRICE_CONFIRMATION_6,PAXG,-0.15332933232744655
BN_FLOW_PRICE_CONFIRMATION_6,XMR,-0.08560707101980257
BN_FLOW_PRICE_CONFIRMATION_6,AAVE,0.034308906774424934
BN_FLOW_PRICE_CONFIRMATION_6,BCH,0.06375772668057465
BN_FLOW_PRICE_CONFIRMATION_6,QNT,-0.03634579350933608
BN_FLOW_PRICE_CONFIRMATION_6,BAL,-0.005874456636028535
BN_FLOW_PRICE_CONFIRMATION_6,LINK,-0.001884176871138716
BN_FLOW_PRICE_CONFIRMATION_6,MANA,-0.05179388966928539
BN_FLOW_PRICE_CONFIRMATION_6,SHIB,0.015027847928363453
BN_FLOW_PRICE_CONFIRMATION_6,DASH,-0.017583647304355767
BN_FLOW_PRICE_CONFIRMATION_6,UNI,0.022863095621569948
BN_FLOW_PRICE_CONFIRMATION_6,ICP,0.04109745349077113
BN_FLOW_PRICE_CONFIRMATION_6,ADA,-0.008599726556062982
BN_FLOW_PRICE_CONFIRMATION_6,ETH,-0.041458393925063126
BN_FLOW_PRICE_CONFIRMATION_6,LTC,-0.046786153397922435
BN_FLOW_PRICE_CONFIRMATION_6,DOGE,0.06883977295896423
BN_FLOW_PRICE_CONFIRMATION_6,ETC,-0.05731814978097323
BN_FLOW_PRICE_CONFIRMATION_6,XRP,0.037823119358644394
BN_FLOW_PRICE_CONFIRMATION_6,ZEC,-0.06495011942827437
BN_FLOW_PRICE_CONFIRMATION_6,SNX,-0.027097244464533272
BN_FLOW_PRICE_CONFIRMATION_6,COMP,-0.07152179525573267
BN_FLOW_PRICE_CONFIRMATION_6,XLM,-0.01657820293014323
BN_FLOW_PRICE_CONFIRMATION_6,ALGO,-0.06799985843165667
BN_FLOW_PRICE_CONFIRMATION_6,CRV,-0.014302310748998785
BN_FLOW_PRICE_CONFIRMATION_6,BTC,0.04779961621255126
BN_FLOW_PRICE_CONFIRMATION_6,LRC,-0.03823292271960865
BN_FLOW_PRICE_CONFIRMATION_6,FTT,0.16353023658414176
BN_FLOW_PRICE_CONFIRMATION_6,MATIC,0.0059158292891444315
BN_FLOW_PRICE_CONFIRMATION_6,BAT,-0.004176879214039129
BN_FLOW_PRICE_CONFIRMATION_6,LPT,0.04689102156594858
BN_FLOW_PRICE_CONFIRMATION_6,UMA,-0.010090567139888443
BN_FLOW_PRICE_CONFIRMATION_6,ZRX,0.0151938123198707
BN_FLOW_PRICE_CONFIRMATION_6,FLOW,-0.020438162821109766
BN_KC_RETURN_DIVERGENCE_1,AAVE,0.10662270999120009
BN_KC_RETURN_DIVERGENCE_1,BAL,0.003680869516041673
BN_KC_RETURN_DIVERGENCE_1,CRV,-0.11006493180225929
BN_KC_RETURN_DIVERGENCE_1,PAXG,-0.03308612414977722
BN_KC_RETURN_DIVERGENCE_1,SNX,-0.12309737056060871
BN_KC_RETURN_DIVERGENCE_1,XLM,0.0421805075487956
BN_KC_RETURN_DIVERGENCE_1,ALGO,-0.006039716870718496
BN_KC_RETURN_DIVERGENCE_1,COMP,-0.08749858328757444
BN_KC_RETURN_DIVERGENCE_1,QNT,-0.06618525797871047
BN_KC_RETURN_DIVERGENCE_1,ADA,0.021559751087009523
BN_KC_RETURN_DIVERGENCE_1,DOGE,0.07357515358632893
BN_KC_RETURN_DIVERGENCE_1,SHIB,0.005646287068214755
BN_KC_RETURN_DIVERGENCE_1,ZEC,-0.06068576602197953
BN_KC_RETURN_DIVERGENCE_1,1INCH,-0.011613749619062603
BN_KC_RETURN_DIVERGENCE_1,AVAX,-0.008494304271761037
BN_KC_RETURN_DIVERGENCE_1,DASH,-0.03642590937654955
BN_KC_RETURN_DIVERGENCE_1,ICP,0.06946378646492671
BN_KC_RETURN_DIVERGENCE_1,LDO,-0.05577177858708187
BN_KC_RETURN_DIVERGENCE_1,UNI,0.15939245366437813
BN_KC_RETURN_DIVERGENCE_1,BCH,0.07888230959831234
BN_KC_RETURN_DIVERGENCE_1,ETC,0.0005349217739627934
BN_KC_RETURN_DIVERGENCE_1,NEO,0.01520437101668279
BN_KC_RETURN_DIVERGENCE_1,MANA,-0.06389480968718265
BN_KC_RETURN_DIVERGENCE_1,XMR,0.03302164104749004
BN_KC_RETURN_DIVERGENCE_1,LINK,-0.06350968191535362
BN_KC_RETURN_DIVERGENCE_1,ETH,0.018853721894317783
BN_KC_RETURN_DIVERGENCE_1,LRC,-0.06358200240802353
BN_KC_RETURN_DIVERGENCE_1,LTC,-0.06476923014764549
BN_KC_RETURN_DIVERGENCE_1,XRP,-0.014980577967496963
BN_KC_RETURN_DIVERGENCE_1,BTC,0.016120429194098968
BN_KC_RETURN_DIVERGENCE_1,FTT,0.09941555328983505
BN_KC_RETURN_DIVERGENCE_1,MATIC,0.02935491435043176
BN_KC_RETURN_DIVERGENCE_1,BAT,-0.00985619765592044
BN_KC_RETURN_DIVERGENCE_1,UMA,-0.07490773082880539
BN_KC_RETURN_DIVERGENCE_1,LPT,0.053454377501725936
BN_KC_RETURN_DIVERGENCE_1,ZRX,-0.004915280433259408
BN_KC_RETURN_DIVERGENCE_1,FLOW,0.0016522527310723978
BN_KC_RETURN_DIVERGENCE_6,AAVE,-0.03129220949146459
BN_KC_RETURN_DIVERGENCE_6,AVAX,-0.06882236848096901
BN_KC_RETURN_DIVERGENCE_6,BAL,0.00515404291929231
BN_KC_RETURN_DIVERGENCE_6,BCH,0.06538724231155033
BN_KC_RETURN_DIVERGENCE_6,SNX,-0.09500928062792002
BN_KC_RETURN_DIVERGENCE_6,XLM,-0.04807381333266445
BN_KC_RETURN_DIVERGENCE_6,COMP,-0.10763503207201702
BN_KC_RETURN_DIVERGENCE_6,LDO,-0.046358726911669125
BN_KC_RETURN_DIVERGENCE_6,QNT,-0.0653132046692434
BN_KC_RETURN_DIVERGENCE_6,UNI,0.09683173855681404
BN_KC_RETURN_DIVERGENCE_6,XMR,-0.019841902896461476
BN_KC_RETURN_DIVERGENCE_6,CRV,-0.04924596477966231
BN_KC_RETURN_DIVERGENCE_6,ICP,0.055890472778275975
BN_KC_RETURN_DIVERGENCE_6,LTC,0.01737764194935045
BN_KC_RETURN_DIVERGENCE_6,MANA,-0.022550451165591612
BN_KC_RETURN_DIVERGENCE_6,SHIB,0.04940148801752539
BN_KC_RETURN_DIVERGENCE_6,ZEC,0.0024954526695461737
BN_KC_RETURN_DIVERGENCE_6,1INCH,0.06382602230271466
BN_KC_RETURN_DIVERGENCE_6,DOGE,0.026003058317780655
BN_KC_RETURN_DIVERGENCE_6,ALGO,-0.0005105947423644864
BN_KC_RETURN_DIVERGENCE_6,PAXG,-0.12112526879516387
BN_KC_RETURN_DIVERGENCE_6,DASH,0.010383524752491356
BN_KC_RETURN_DIVERGENCE_6,ADA,-0.026228636542677226
BN_KC_RETURN_DIVERGENCE_6,ETC,-0.02384432186254175
BN_KC_RETURN_DIVERGENCE_6,NEO,0.07330078134481624
BN_KC_RETURN_DIVERGENCE_6,XRP,-0.004660986194810607
BN_KC_RETURN_DIVERGENCE_6,LINK,-0.0010890742229574665
BN_KC_RETURN_DIVERGENCE_6,ETH,0.0012759131530579544
BN_KC_RETURN_DIVERGENCE_6,LRC,-0.03841668718628636
BN_KC_RETURN_DIVERGENCE_6,BTC,0.018349803162744927
BN_KC_RETURN_DIVERGENCE_6,FTT,0.31724048816723605
BN_KC_RETURN_DIVERGENCE_6,MATIC,0.07588572589131122
BN_KC_RETURN_DIVERGENCE_6,BAT,-0.011292338197885504
BN_KC_RETURN_DIVERGENCE_6,UMA,-0.07180402924345801
BN_KC_RETURN_DIVERGENCE_6,LPT,-0.019031413998813536
BN_KC_RETURN_DIVERGENCE_6,ZRX,0.0014092292541937304
BN_KC_RETURN_DIVERGENCE_6,FLOW,-0.0256769591319488
BN_KC_PRICE_BASIS_REVERSION_42,ETH,-0.05541434443788003
BN_KC_PRICE_BASIS_REVERSION_42,ICP,-0.03693424413920239
BN_KC_PRICE_BASIS_REVERSION_42,LDO,-0.013464121823906794
BN_KC_PRICE_BASIS_REVERSION_42,QNT,-0.043093346006142945
BN_KC_PRICE_BASIS_REVERSION_42,XMR,-0.0069301226249295945
BN_KC_PRICE_BASIS_REVERSION_42,XRP,0.04659662422241511
BN_KC_PRICE_BASIS_REVERSION_42,AVAX,0.00799841769534803
BN_KC_PRICE_BASIS_REVERSION_42,CRV,0.05276367483322711
BN_KC_PRICE_BASIS_REVERSION_42,LTC,-0.06289192314235642
BN_KC_PRICE_BASIS_REVERSION_42,MANA,-0.0009629937923139727
BN_KC_PRICE_BASIS_REVERSION_42,XLM,0.08941438399434337
BN_KC_PRICE_BASIS_REVERSION_42,1INCH,-0.011570025234475662
BN_KC_PRICE_BASIS_REVERSION_42,AAVE,-0.020877532674647165
BN_KC_PRICE_BASIS_REVERSION_42,BCH,-0.008374335599256233
BN_KC_PRICE_BASIS_REVERSION_42,COMP,0.18363263095490306
BN_KC_PRICE_BASIS_REVERSION_42,LINK,0.0373557088632068
BN_KC_PRICE_BASIS_REVERSION_42,BTC,0.014024770601718186
BN_KC_PRICE_BASIS_REVERSION_42,DOGE,-0.027678822265044287
BN_KC_PRICE_BASIS_REVERSION_42,UNI,-0.009682358478482101
BN_KC_PRICE_BASIS_REVERSION_42,ALGO,-0.030390763920187944
BN_KC_PRICE_BASIS_REVERSION_42,DASH,-0.07105264858852949
BN_KC_PRICE_BASIS_REVERSION_42,SNX,-0.05720556440149702
BN_KC_PRICE_BASIS_REVERSION_42,BAL,-0.005504878466647966
BN_KC_PRICE_BASIS_REVERSION_42,ADA,-0.009913366376153556
BN_KC_PRICE_BASIS_REVERSION_42,PAXG,-0.05564121478755559
BN_KC_PRICE_BASIS_REVERSION_42,ZEC,-0.08724599675769587
BN_KC_PRICE_BASIS_REVERSION_42,ETC,-0.04779020718660013
BN_KC_PRICE_BASIS_REVERSION_42,NEO,-0.04230516084858204
BN_KC_PRICE_BASIS_REVERSION_42,SHIB,0.07981173300271585
BN_KC_PRICE_BASIS_REVERSION_42,LRC,-0.04109036191032065
BN_KC_PRICE_BASIS_REVERSION_42,FTT,0.09462879531356042
BN_KC_PRICE_BASIS_REVERSION_42,MATIC,-0.07337496315788744
BN_KC_PRICE_BASIS_REVERSION_42,BAT,-0.0029196719506581516
BN_KC_PRICE_BASIS_REVERSION_42,UMA,-0.018733066854066185
BN_KC_PRICE_BASIS_REVERSION_42,LPT,0.01644173914905727
BN_KC_PRICE_BASIS_REVERSION_42,ZRX,-0.04617682342867757
BN_KC_PRICE_BASIS_REVERSION_42,FLOW,-0.0491510863985543
BN_KC_TURNOVER_SHARE_ACCEL_6_42,AAVE,0.12021539022033063
BN_KC_TURNOVER_SHARE_ACCEL_6_42,BAL,-0.001927036439976946
BN_KC_TURNOVER_SHARE_ACCEL_6_42,BTC,0.019629622372647242
BN_KC_TURNOVER_SHARE_ACCEL_6_42,COMP,-0.02605759377732835
BN_KC_TURNOVER_SHARE_ACCEL_6_42,LDO,-0.03364022818753413
BN_KC_TURNOVER_SHARE_ACCEL_6_42,PAXG,0.007189502194961156
BN_KC_TURNOVER_SHARE_ACCEL_6_42,DASH,-0.027261719776388103
BN_KC_TURNOVER_SHARE_ACCEL_6_42,SHIB,0.051171842052396915
BN_KC_TURNOVER_SHARE_ACCEL_6_42,UNI,0.2504394435381175
BN_KC_TURNOVER_SHARE_ACCEL_6_42,XLM,0.1140664270421546
BN_KC_TURNOVER_SHARE_ACCEL_6_42,1INCH,-0.011570450328229013
BN_KC_TURNOVER_SHARE_ACCEL_6_42,BCH,0.05613801349960222
BN_KC_TURNOVER_SHARE_ACCEL_6_42,NEO,-0.038634596756117426
BN_KC_TURNOVER_SHARE_ACCEL_6_42,ZEC,-0.13059613072430615
BN_KC_TURNOVER_SHARE_ACCEL_6_42,CRV,0.015845675445233423
BN_KC_TURNOVER_SHARE_ACCEL_6_42,ICP,0.10473085689478695
BN_KC_TURNOVER_SHARE_ACCEL_6_42,DOGE,0.16046455076326838
BN_KC_TURNOVER_SHARE_ACCEL_6_42,QNT,-0.01126981793883743
BN_KC_TURNOVER_SHARE_ACCEL_6_42,ALGO,-0.0776595269120588
BN_KC_TURNOVER_SHARE_ACCEL_6_42,MANA,0.0038175802207056804
BN_KC_TURNOVER_SHARE_ACCEL_6_42,XMR,0.02927230934136553
BN_KC_TURNOVER_SHARE_ACCEL_6_42,ETC,-0.04497064057730379
BN_KC_TURNOVER_SHARE_ACCEL_6_42,LTC,-0.00616005836641452
BN_KC_TURNOVER_SHARE_ACCEL_6_42,ETH,-0.0676466706422742
BN_KC_TURNOVER_SHARE_ACCEL_6_42,ADA,0.006871536093359794
BN_KC_TURNOVER_SHARE_ACCEL_6_42,SNX,0.013531077800480178
BN_KC_TURNOVER_SHARE_ACCEL_6_42,XRP,0.03130433752495831
BN_KC_TURNOVER_SHARE_ACCEL_6_42,AVAX,0.05232421349759696
BN_KC_TURNOVER_SHARE_ACCEL_6_42,LINK,0.05054084968996185
BN_KC_TURNOVER_SHARE_ACCEL_6_42,LRC,-0.03160654386901338
BN_KC_TURNOVER_SHARE_ACCEL_6_42,FTT,0.26540455274439134
BN_KC_TURNOVER_SHARE_ACCEL_6_42,BAT,-0.006371641701481937
BN_KC_TURNOVER_SHARE_ACCEL_6_42,UMA,-0.036254663252867345
BN_KC_TURNOVER_SHARE_ACCEL_6_42,ZRX,-0.02509044104136143
BN_KC_TURNOVER_SHARE_ACCEL_6_42,LPT,0.041080151121270565
BN_KC_TURNOVER_SHARE_ACCEL_6_42,FLOW,0.0067364934637482304
BN_LOG_MEDIAN_QUOTE_TURNOVER_42,ADA,-0.02307281529670272
BN_LOG_MEDIAN_QUOTE_TURNOVER_42,BTC,0.0865797025830258
BN_LOG_MEDIAN_QUOTE_TURNOVER_42,DOGE,0.09536976876218636
BN_LOG_MEDIAN_QUOTE_TURNOVER_42,ETH,-0.01739787565758443
BN_LOG_MEDIAN_QUOTE_TURNOVER_42,LTC,-0.022074577954403037
BN_LOG_MEDIAN_QUOTE_TURNOVER_42,XRP,0.1743434196078153
BN_LOG_MEDIAN_QUOTE_TURNOVER_42,ETC,-0.006404446518871178
BN_LOG_MEDIAN_QUOTE_TURNOVER_42,SHIB,-0.004719702968020845
BN_LOG_MEDIAN_QUOTE_TURNOVER_42,AVAX,0.03665230874719119
BN_LOG_MEDIAN_QUOTE_TURNOVER_42,LDO,-0.03585163028627674
BN_LOG_MEDIAN_QUOTE_TURNOVER_42,BCH,0.01890595568808005
BN_LOG_MEDIAN_QUOTE_TURNOVER_42,LINK,0.06676566553135706
BN_LOG_MEDIAN_QUOTE_TURNOVER_42,CRV,0.02052821481984818
BN_LOG_MEDIAN_QUOTE_TURNOVER_42,FTT,-0.015790084209669427
BN_LOG_MEDIAN_QUOTE_TURNOVER_42,MATIC,-0.06764749124104694
BN_LOG_MEDIAN_QUOTE_TURNOVER_42,ICP,-0.0002284848754834784
BN_LOG_MEDIAN_QUOTE_TURNOVER_42,UMA,-0.022796363482794284
BN_LOG_MEDIAN_QUOTE_TURNOVER_42,UNI,-0.003131440159073019
BN_LOG_MEDIAN_QUOTE_TURNOVER_42,AAVE,0.047140963954901076
BN_LOG_MEDIAN_QUOTE_TURNOVER_42,XLM,-0.0649788578123706
BN_LOW_REALIZED_VOLATILITY_42,AVAX,0.0018195725127271275
BN_LOW_REALIZED_VOLATILITY_42,BCH,0.0453583363726589
BN_LOW_REALIZED_VOLATILITY_42,BTC,0.0739789715979805
BN_LOW_REALIZED_VOLATILITY_42,ETH,-0.0008763953443561396
BN_LOW_REALIZED_VOLATILITY_42,PAXG,-0.24305996272164132
BN_LOW_REALIZED_VOLATILITY_42,XMR,-0.06416326893573755
BN_LOW_REALIZED_VOLATILITY_42,SHIB,-0.04472730002834724
BN_LOW_REALIZED_VOLATILITY_42,XLM,-0.014836544950699864
BN_LOW_REALIZED_VOLATILITY_42,BAL,-0.008057225902570112
BN_LOW_REALIZED_VOLATILITY_42,XRP,0.1901026820336361
BN_LOW_REALIZED_VOLATILITY_42,LINK,0.010576352509540983
BN_LOW_REALIZED_VOLATILITY_42,1INCH,0.008035104986874594
BN_LOW_REALIZED_VOLATILITY_42,QNT,0.08612738180142071
BN_LOW_REALIZED_VOLATILITY_42,DASH,-0.02435291354912064
BN_LOW_REALIZED_VOLATILITY_42,LTC,0.04073125966309615
BN_LOW_REALIZED_VOLATILITY_42,ADA,-0.016522667601498175
BN_LOW_REALIZED_VOLATILITY_42,NEO,0.04530972280573783
BN_LOW_REALIZED_VOLATILITY_42,DOGE,-0.015337037761532874
BN_LOW_REALIZED_VOLATILITY_42,ETC,-0.019412826418904926
BN_LOW_REALIZED_VOLATILITY_42,MANA,-0.003914847491283411
BN_LOW_REALIZED_VOLATILITY_42,UNI,-0.021071659521833073
BN_LOW_REALIZED_VOLATILITY_42,ZEC,-0.017683048977320783
BN_LOW_REALIZED_VOLATILITY_42,AAVE,0.07929124197177206
BN_LOW_REALIZED_VOLATILITY_42,ICP,-0.03340894483894056
BN_LOW_REALIZED_VOLATILITY_42,CRV,-0.016785151623469233
BN_LOW_REALIZED_VOLATILITY_42,ALGO,-0.0004563819195350938
BN_LOW_REALIZED_VOLATILITY_42,FTT,0.027352990826732766
BN_LOW_REALIZED_VOLATILITY_42,COMP,0.007911315653621694
BN_LOW_REALIZED_VOLATILITY_42,MATIC,-0.02818413734202827
BN_LOW_REALIZED_VOLATILITY_42,LDO,0.001896400739882532
BN_LOW_REALIZED_VOLATILITY_42,FLOW,0.0009355556003634509
